index,char,start,end
0,К,0.000,0.080
1,о,0.080,0.140
2,г,0.140,0.200
3,д,0.200,0.260
4,а,0.260,0.320
5, ,0.320,0.400
6,G,0.400,0.480
7,T,0.480,0.640
8,A,0.640,0.720
9, ,0.720,0.800
10,4,0.800,1.120
11, ,1.120,1.200
12,у,1.200,1.240
13,ж,1.240,1.280
14,е,1.280,1.360
15, ,1.360,1.440
16,в,1.440,1.520
17,ы,1.520,1.600
18,ш,1.600,1.707
19,л,1.707,1.813
20,а,1.813,1.920
21,",",1.920,2.080
22, ,2.080,2.160
23,R,2.160,2.200
24,o,2.200,2.240
25,c,2.240,2.280
26,k,2.280,2.320
27,s,2.320,2.380
28,t,2.380,2.440
29,a,2.440,2.500
30,r,2.500,2.560
31, ,2.560,2.640
32,с,2.640,2.720
33,р,2.720,2.800
34,а,2.800,2.880
35,з,2.880,2.960
36,у,2.960,3.000
37, ,3.000,3.040
38,в,3.040,3.080
39,з,3.080,3.120
40,я,3.120,3.200
41,л,3.200,3.240
42,а,3.240,3.280
43,с,3.280,3.320
44,ь,3.320,3.360
45, ,3.360,3.440
46,з,3.440,3.480
47,а,3.480,3.520
48, ,3.520,3.600
49,G,3.600,3.680
50,T,3.680,3.840
51,A,3.840,4.000
52, ,4.000,4.080
53,5,4.080,4.320
54, ,4.320,4.560
55,и,4.560,4.640
56, ,4.640,4.720
57,с,4.720,4.800
58,н,4.800,4.853
59,о,4.853,4.907
60,в,4.907,4.960
61,а,4.960,5.040
62, ,5.040,5.120
63,х,5.120,5.173
64,о,5.173,5.227
65,т,5.227,5.280
66,е,5.280,5.333
67,л,5.333,5.387
68,а,5.387,5.440
69, ,5.440,5.520
70,в,5.520,5.560
71,ы,5.560,5.600
72,п,5.600,5.660
73,у,5.660,5.720
74,с,5.720,5.780
75,т,5.780,5.840
76,и,5.840,5.867
77,т,5.867,5.893
78,ь,5.893,5.920
79, ,5.920,6.000
80,е,6.000,6.080
81,ё,6.080,6.160
82, ,6.160,6.200
83,н,6.200,6.220
84,а,6.220,6.240
85, ,6.240,6.320
86,P,6.320,6.400
87,S,6.400,6.560
88,3,6.560,6.800
89,.,6.800,6.880
90, ,6.880,7.280
91,Т,7.280,7.320
92,о,7.320,7.360
93,",",7.360,7.400
94, ,7.400,7.440
95,ч,7.440,7.493
96,т,7.493,7.547
97,о,7.547,7.600
98, ,7.600,7.680
99,G,7.680,7.760
100,T,7.760,7.880
101,A,7.880,8.000
102, ,8.000,8.080
103,5,8.080,8.240
104, ,8.240,8.320
105,в,8.320,8.400
106,о,8.400,8.480
107,о,8.480,8.560
108,б,8.560,8.640
109,щ,8.640,8.720
110,е,8.720,8.800
111, ,8.800,8.880
112,р,8.880,8.928
113,а,8.928,8.976
114,б,8.976,9.024
115,о,9.024,9.072
116,т,9.072,9.120
117,а,9.120,9.173
118,е,9.173,9.227
119,т,9.227,9.280
120, ,9.280,9.320
121,н,9.320,9.340
122,а,9.340,9.360
123, ,9.360,9.440
124,P,9.440,9.480
125,l,9.480,9.520
126,a,9.520,9.560
127,y,9.560,9.600
128,S,9.600,9.646
129,t,9.646,9.691
130,a,9.691,9.737
131,t,9.737,9.783
132,i,9.783,9.829
133,o,9.829,9.874
134,n,9.874,9.920
135, ,9.920,10.079
136,3,10.079,10.239
137,",",10.239,10.399
138, ,10.399,10.479
139,—,10.479,10.532
140, ,10.532,10.586
141,э,10.586,10.639
142,т,10.639,10.679
143,о,10.679,10.719
144, ,10.719,10.799
145,н,10.799,10.839
146,а,10.839,10.879
147,с,10.879,10.979
148,т,10.979,11.079
149,о,11.079,11.179
150,я,11.179,11.279
151,щ,11.279,11.359
152,е,11.359,11.439
153,е,11.439,11.519
154, ,11.519,11.599
155,б,11.599,11.719
156,е,11.719,11.779
157,з,11.779,11.839
158,у,11.839,11.919
159,м,11.919,11.999
160,и,11.999,12.079
161,е,12.079,12.159
162,.,12.159,12.239
163, ,12.239,12.559
164,В,12.559,12.639
165, ,12.639,12.719
166,и,12.719,12.759
167,г,12.759,12.799
168,р,12.799,12.919
169,е,12.919,13.039
170, ,13.039,13.159
171,о,13.159,13.219
172,г,13.219,13.279
173,р,13.279,13.359
174,о,13.359,13.439
175,м,13.439,13.519
176,н,13.519,13.572
177,ы,13.572,13.626
178,й,13.626,13.679
179, ,13.679,13.759
180,о,13.759,13.799
181,т,13.799,13.839
182,к,13.839,13.899
183,р,13.899,13.959
184,ы,13.959,14.019
185,т,14.019,14.079
186,ы,14.079,14.119
187,й,14.119,14.159
188, ,14.159,14.239
189,м,14.239,14.319
190,и,14.319,14.399
191,р,14.399,14.479
192,:,14.479,14.719
193, ,14.719,14.799
194,н,14.799,14.826
195,е,14.826,14.852
196,в,14.852,14.879
197,е,14.879,14.919
198,р,14.919,14.959
199,о,14.959,15.039
200,я,15.039,15.119
201,т,15.119,15.199
202,н,15.199,15.239
203,о,15.239,15.279
204, ,15.279,15.359
205,д,15.359,15.412
206,е,15.412,15.466
207,т,15.466,15.519
208,а,15.519,15.579
209,л,15.579,15.639
210,и,15.639,15.699
211,з,15.699,15.759
212,и,15.759,15.799
213,р,15.799,15.839
214,о,15.839,15.879
215,в,15.879,15.919
216,а,15.919,15.959
217,н,15.959,15.999
218,н,15.999,16.039
219,ы,16.039,16.079
220,й,16.079,16.159
221, ,16.159,16.239
222,г,16.239,16.319
223,о,16.319,16.399
224,р,16.399,16.479
225,о,16.479,16.559
226,д,16.559,16.639
227,",",16.639,16.799
228, ,16.799,16.879
229,д,16.879,16.959
230,е,16.959,17.039
231,р,17.039,17.119
232,е,17.119,17.239
233,в,17.239,17.359
234,н,17.359,17.439
235,и,17.439,17.519
236,",",17.519,17.679
237, ,17.679,17.839
238,г,17.839,17.892
239,о,17.892,17.946
240,р,17.946,17.999
241,ы,17.999,18.079
242,",",18.079,18.159
243, ,18.159,18.279
244,о,18.279,18.339
245,к,18.339,18.399
246,е,18.399,18.559
247,а,18.559,18.639
248,н,18.639,18.719
249, ,18.719,19.039
250,и,19.039,19.119
251, ,19.119,19.199
252,д,19.199,19.279
253,а,19.279,19.319
254,ж,19.319,19.359
255,е,19.359,19.439
256, ,19.439,19.519
257,д,19.519,19.599
258,и,19.599,19.679
259,к,19.679,19.732
260,и,19.732,19.786
261,е,19.786,19.839
262, ,19.839,19.919
263,ж,19.919,19.999
264,и,19.999,20.079
265,в,20.079,20.159
266,о,20.159,20.239
267,т,20.239,20.319
268,н,20.319,20.399
269,ы,20.399,20.479
270,е,20.479,20.559
271,.,20.559,20.719
272, ,20.719,20.879
273,И,20.879,20.959
274, ,20.959,21.039
275,в,21.039,21.119
276,с,21.119,21.159
277,ё,21.159,21.199
278, ,21.199,21.279
279,э,21.279,21.359
280,т,21.359,21.399
281,о,21.399,21.439
282, ,21.439,21.519
283,к,21.519,21.559
284,р,21.559,21.599
285,у,21.599,21.639
286,т,21.639,21.679
287,и,21.679,21.739
288,т,21.739,21.799
289,с,21.799,21.859
290,я,21.859,21.919
291, ,21.919,21.959
292,н,21.959,21.979
293,а,21.979,21.999
294, ,21.999,22.079
295,ж,22.079,22.159
296,е,22.159,22.199
297,л,22.199,22.239
298,е,22.239,22.359
299,з,22.359,22.479
300,е,22.479,22.559
301,",",22.559,22.639
302, ,22.639,22.719
303,к,22.719,22.799
304,о,22.799,22.819
305,т,22.819,22.839
306,о,22.839,22.859
307,р,22.859,22.879
308,о,22.879,22.959
309,е,22.959,23.039
310, ,23.039,23.079
311,к,23.079,23.119
312, ,23.119,23.199
313,в,23.199,23.239
314,ы,23.239,23.279
315,х,23.279,23.332
316,о,23.332,23.386
317,д,23.386,23.439
318,у,23.439,23.519
319, ,23.519,23.599
320,и,23.599,23.639
321,г,23.639,23.679
322,р,23.679,23.759
323,ы,23.759,23.839
324, ,23.839,23.919
325,у,23.919,24.039
326,ж,24.039,24.159
327,е,24.159,24.239
328, ,24.239,24.319
329,с,24.319,24.399
330,ч,24.399,24.452
331,и,24.452,24.506
332,т,24.506,24.559
333,а,24.559,24.599
334,л,24.599,24.639
335,о,24.639,24.692
336,с,24.692,24.746
337,ь,24.746,24.799
338, ,24.799,24.919
339,у,24.919,24.959
340,с,24.959,24.999
341,т,24.999,25.039
342,а,25.039,25.079
343,р,25.079,25.119
344,е,25.119,25.199
345,в,25.199,25.279
346,ш,25.279,25.359
347,и,25.359,25.439
348,м,25.439,25.519
349,.,25.519,25.599
350, ,25.599,25.919
351,P,25.919,25.999
352,S,25.999,26.159
353,3,26.159,26.319
354, ,26.319,26.399
355,в,26.399,26.479
356,ы,26.479,26.559
357,ш,26.559,26.612
358,л,26.612,26.666
359,а,26.666,26.719
360, ,26.719,26.759
361,в,26.759,26.799
362, ,26.799,26.839
363,2,26.839,26.919
364,0,26.919,27.039
365,0,27.039,27.199
366,6,27.199,27.279
367, ,27.279,27.359
368,г,27.359,27.892
369,о,27.892,27.946
370,д,27.946,27.999
371,у,27.999,28.159
372,",",28.159,28.399
373, ,28.399,28.439
374,а,28.439,28.479
375, ,28.479,28.559
376,G,28.559,28.639
377,T,28.639,28.799
378,A,28.799,28.959
379, ,28.959,28.999
380,5,28.999,29.199
381, ,29.199,29.359
382,—,29.359,29.379
383, ,29.379,29.399
384,в,29.399,29.419
385, ,29.419,29.439
386,2,29.439,29.679
387,0,29.679,29.878
388,1,29.878,30.078
389,3,30.078,30.398
390,-,30.398,30.558
391,м,30.558,30.638
392,",",30.638,30.878
393, ,30.878,30.918
394,т,30.918,30.938
395,о,30.938,30.958
396, ,30.958,31.038
397,е,31.038,31.058
398,с,31.058,31.078
399,т,31.078,31.098
400,ь,31.098,31.118
401, ,31.118,31.278
402,ч,31.278,31.331
403,е,31.331,31.385
404,р,31.385,31.438
405,е,31.438,31.518
406,з,31.518,31.598
407, ,31.598,31.678
408,с,31.678,31.758
409,е,31.758,31.798
410,м,31.798,31.838
411,ь,31.838,31.918
412, ,31.918,31.998
413,л,31.998,32.105
414,е,32.105,32.211
415,т,32.211,32.318
416,.,32.318,32.478
417, ,32.478,32.638
418,И,32.638,32.718
419, ,32.718,32.758
420,в,32.758,32.798
421,с,32.798,32.878
422,ё,32.878,32.958
423, ,32.958,33.038
424,ж,33.038,33.118
425,е,33.118,33.198
426, ,33.198,33.358
427,R,33.358,33.418
428,o,33.418,33.478
429,c,33.478,33.538
430,k,33.538,33.598
431,s,33.598,33.638
432,t,33.638,33.678
433,a,33.678,33.718
434,r,33.718,33.758
435, ,33.758,33.838
436,у,33.838,33.878
437,м,33.878,33.918
438,е,33.918,33.978
439,с,33.978,34.038
440,т,34.038,34.098
441,и,34.098,34.158
442,л,34.158,34.238
443,а,34.238,34.318
444, ,34.318,34.398
445,о,34.398,34.438
446,д,34.438,34.478
447,н,34.478,34.518
448,у,34.518,34.558
449, ,34.558,34.638
450,и,34.638,34.678
451,з,34.678,34.718
452, ,34.718,34.798
453,с,34.798,34.878
454,а,34.878,34.918
455,м,34.918,34.958
456,ы,34.958,35.038
457,х,35.038,35.118
458, ,35.118,35.198
459,п,35.198,35.218
460,р,35.218,35.238
461,о,35.238,35.258
462,д,35.258,35.278
463,а,35.278,35.358
464,в,35.358,35.438
465,а,35.438,35.491
466,е,35.491,35.545
467,м,35.545,35.598
468,ы,35.598,35.678
469,х,35.678,35.758
470, ,35.758,35.838
471,и,35.838,35.918
472,г,35.918,35.998
473,р,35.998,36.078
474, ,36.078,36.118
475,в,36.118,36.158
476, ,36.158,36.278
477,и,36.278,36.318
478,с,36.318,36.358
479,т,36.358,36.398
480,о,36.398,36.478
481,р,36.478,36.558
482,и,36.558,36.598
483,и,36.598,36.638
484, ,36.638,36.718
485,в,36.718,36.798
486, ,36.798,36.918
487,к,36.918,36.958
488,о,36.958,36.998
489,н,36.998,37.038
490,с,37.038,37.118
491,о,37.118,37.198
492,л,37.198,37.278
493,ь,37.278,37.358
494,",",37.358,37.598
495, ,37.598,37.638
496,у,37.638,37.678
497, ,37.678,37.758
498,к,37.758,37.838
499,о,37.838,37.858
500,т,37.858,37.878
501,о,37.878,37.898
502,р,37.898,37.918
503,о,37.918,37.958
504,й,37.958,37.998
505, ,37.998,38.078
506,б,38.078,38.118
507,ы,38.118,38.158
508,л,38.158,38.198
509,о,38.198,38.238
510, ,38.238,38.318
511,в,38.318,38.398
512,с,38.398,38.518
513,е,38.518,38.558
514,г,38.558,38.598
515,о,38.598,38.638
516, ,38.638,38.718
517,2,38.718,38.846
518,5,38.846,38.942
519,6,38.942,39.038
520, ,39.038,39.198
521,М,39.198,39.326
522,Б,39.326,39.518
523, ,39.518,39.678
524,о,39.678,40.438
525,п,40.438,40.478
526,е,40.478,40.518
527,р,40.518,40.558
528,а,40.558,40.638
529,т,40.638,40.718
530,и,40.718,40.758
531,в,40.758,40.798
532,н,40.798,40.851
533,о,40.851,40.905
534,й,40.905,40.958
535, ,40.958,41.038
536,п,41.038,41.118
537,а,41.118,41.158
538,м,41.158,41.198
539,я,41.198,41.278
540,т,41.278,41.358
541,и,41.358,41.438
542, ,41.438,41.838
543,и,41.838,41.918
544, ,41.918,41.998
545,е,41.998,42.078
546,щ,42.078,42.158
547,ё,42.158,42.318
548, ,42.318,42.398
549,2,42.398,42.542
550,5,42.542,42.590
551,6,42.590,42.638
552, ,42.638,42.718
553,М,42.718,42.910
554,Б,42.910,43.038
555, ,43.038,43.118
556,в,43.118,43.998
557,и,43.998,44.051
558,д,44.051,44.105
559,е,44.105,44.158
560,о,44.158,44.278
561,п,44.278,44.398
562,а,44.398,44.438
563,м,44.438,44.478
564,я,44.478,44.585
565,т,44.585,44.691
566,и,44.691,44.798
567,.,44.798,44.998
568, ,44.998,45.198
569,Д,45.198,45.278
570,л,45.278,45.318
571,я,45.318,45.358
572, ,45.358,45.398
573,с,45.398,45.438
574,р,45.438,45.491
575,а,45.491,45.545
576,в,45.545,45.598
577,н,45.598,45.678
578,е,45.678,45.758
579,н,45.758,45.838
580,и,45.838,45.918
581,я,45.918,45.998
582,:,45.998,46.158
583, ,46.158,46.318
584,п,46.318,46.398
585,я,46.398,46.425
586,т,46.425,46.451
587,ь,46.451,46.478
588, ,46.478,46.558
589,м,46.558,46.611
590,и,46.611,46.665
591,н,46.665,46.718
592,у,46.718,46.798
593,т,46.798,46.878
594, ,46.878,46.918
595,в,46.918,46.958
596,и,46.958,47.011
597,д,47.011,47.065
598,е,47.065,47.118
599,о,47.118,47.198
600, ,47.198,47.238
601,в,47.238,47.278
602, ,47.278,47.358
603,4,47.358,47.758
604,K,47.758,47.998
605,",",47.998,48.038
606, ,48.038,48.078
607,с,48.078,48.158
608,н,48.158,48.211
609,я,48.211,48.265
610,т,48.265,48.318
611,о,48.318,48.371
612,г,48.371,48.425
613,о,48.425,48.478
614, ,48.478,48.518
615,н,48.518,48.538
616,а,48.538,48.558
617, ,48.558,48.638
618,с,48.638,48.678
619,м,48.678,48.718
620,а,48.718,48.771
621,р,48.771,48.825
622,т,48.825,48.878
623,ф,48.878,48.958
624,о,48.958,49.038
625,н,49.038,49.118
626,",",49.118,49.198
627, ,49.198,49.438
628,в,49.438,49.518
629,е,49.518,49.598
630,с,49.598,49.678
631,я,49.678,49.758
632,т,49.758,49.837
633, ,49.837,49.917
634,б,49.917,49.977
635,о,49.977,50.037
636,л,50.037,50.097
637,ь,50.097,50.157
638,ш,50.157,50.237
639,е,50.237,50.317
640,",",50.317,50.357
641, ,50.357,50.397
642,ч,50.397,50.424
643,е,50.424,50.450
644,м,50.450,50.477
645, ,50.477,50.557
646,в,50.557,50.717
647,с,50.717,50.797
648,я,50.797,50.877
649, ,50.877,51.037
650,п,51.037,51.117
651,а,51.117,51.157
652,м,51.157,51.197
653,я,51.197,51.224
654,т,51.224,51.250
655,ь,51.250,51.277
656, ,51.277,51.357
657,P,51.357,51.437
658,S,51.437,51.677
659,3,51.677,51.917
660,.,51.917,52.157
661,"
",52.157,52.397
662,Ч,52.397,52.477
663,т,52.477,52.557
664,о,52.557,52.584
665,б,52.584,52.610
666,ы,52.610,52.637
667, ,52.637,52.717
668,п,52.717,52.744
669,о,52.744,52.770
670,н,52.770,52.797
671,я,52.797,52.850
672,т,52.850,52.904
673,ь,52.904,52.957
674, ,52.957,52.997
675,м,52.997,53.037
676,а,53.037,53.117
677,с,53.117,53.197
678,ш,53.197,53.277
679,т,53.277,53.397
680,а,53.397,53.457
681,б,53.457,53.517
682,",",53.517,53.677
683, ,53.677,53.757
684,в,53.757,53.837
685,о,53.837,53.877
686,т,53.877,53.917
687, ,53.917,53.997
688,н,53.997,54.050
689,е,54.050,54.104
690,с,54.104,54.157
691,к,54.157,54.277
692,о,54.277,54.301
693,л,54.301,54.325
694,ь,54.325,54.349
695,к,54.349,54.373
696,о,54.373,54.397
697, ,54.397,54.477
698,ц,54.477,54.557
699,и,54.557,54.637
700,ф,54.637,54.757
701,р,54.757,54.877
702,.,54.877,55.077
703, ,55.077,55.277
704,И,55.277,55.357
705,г,55.357,55.437
706,р,55.437,55.517
707,у,55.517,55.597
708, ,55.597,55.677
709,д,55.677,55.704
710,е,55.704,55.730
711,л,55.730,55.757
712,а,55.757,55.837
713,л,55.837,55.917
714,и,55.917,55.997
715, ,55.997,56.077
716,о,56.077,56.157
717,к,56.157,56.237
718,о,56.237,56.277
719,л,56.277,56.317
720,о,56.317,56.397
721, ,56.397,56.477
722,п,56.477,56.597
723,я,56.597,56.637
724,т,56.637,56.677
725,и,56.677,56.717
726, ,56.717,56.797
727,л,56.797,56.904
728,е,56.904,57.010
729,т,57.010,57.117
730,",",57.117,57.357
731, ,57.357,57.397
732,а,57.397,57.437
733, ,57.437,57.477
734,в,57.477,57.517
735,м,57.517,57.577
736,е,57.577,57.637
737,с,57.637,57.697
738,т,57.697,57.757
739,е,57.757,57.797
740, ,57.797,57.837
741,с,57.837,57.917
742, ,57.917,58.037
743,м,58.037,58.067
744,а,58.067,58.097
745,р,58.097,58.127
746,к,58.127,58.157
747,е,58.157,58.197
748,т,58.197,58.237
749,и,58.237,58.290
750,н,58.290,58.344
751,г,58.344,58.397
752,о,58.397,58.477
753,м,58.477,58.557
754, ,58.557,58.637
755,о,58.637,58.690
756,н,58.690,58.744
757,а,58.744,58.797
758, ,58.797,58.837
759,о,58.837,58.857
760,б,58.857,58.877
761,о,58.877,58.957
762,ш,58.957,59.037
763,л,59.037,59.097
764,а,59.097,59.157
765,с,59.157,59.217
766,ь,59.217,59.277
767, ,59.277,59.317
768,п,59.317,59.337
769,р,59.337,59.357
770,и,59.357,59.417
771,м,59.417,59.477
772,е,59.477,59.537
773,р,59.537,59.597
774,н,59.597,59.637
775,о,59.637,59.677
776, ,59.677,59.757
777,в,59.757,59.837
778, ,59.837,59.877
779,2,59.877,59.965
780,6,59.965,60.061
781,5,60.061,60.157
782, ,60.157,60.317
783,м,60.317,61.197
784,и,61.197,61.237
785,л,61.237,61.277
786,л,61.277,61.317
787,и,61.317,61.357
788,о,61.357,61.397
789,н,61.397,61.437
790,о,61.437,61.517
791,в,61.517,61.597
792, ,61.597,61.677
793,д,61.677,61.730
794,о,61.730,61.784
795,л,61.784,61.837
796,л,61.837,61.917
797,а,61.917,61.957
798,р,61.957,61.997
799,о,61.997,62.077
800,в,62.077,62.157
801,",",62.157,62.197
802, ,62.197,62.237
803,п,62.237,62.277
804,о,62.277,62.317
805, ,62.317,62.437
806,о,62.437,62.467
807,ц,62.467,62.497
808,е,62.497,62.527
809,н,62.527,62.557
810,к,62.557,62.610
811,а,62.610,62.664
812,м,62.664,62.717
813, ,62.717,62.797
814,п,62.797,62.837
815,р,62.837,62.877
816,е,62.877,62.957
817,с,62.957,63.037
818,с,63.037,63.117
819,ы,63.117,63.197
820,.,63.197,63.277
821, ,63.277,63.677
822,R,63.677,63.717
823,o,63.717,63.757
824,c,63.757,63.797
825,k,63.797,63.837
826,s,63.837,63.897
827,t,63.897,63.957
828,a,63.957,64.017
829,r,64.017,64.077
830, ,64.077,64.117
831,з,64.117,64.157
832,а,64.157,64.197
833,я,64.197,64.237
834,в,64.237,64.317
835,л,64.317,64.357
836,я,64.357,64.397
837,л,64.397,64.477
838,а,64.477,64.557
839,",",64.557,64.597
840, ,64.597,64.637
841,ч,64.637,64.690
842,т,64.690,64.744
843,о,64.744,64.797
844, ,64.797,64.877
845,к,64.877,64.930
846,а,64.930,64.984
847,р,64.984,65.037
848,т,65.037,65.077
849,а,65.077,65.117
850, ,65.117,65.197
851,G,65.197,65.277
852,T,65.277,65.437
853,A,65.437,65.597
854, ,65.597,65.677
855,5,65.677,65.917
856, ,65.917,66.237
857,б,66.237,66.277
858,о,66.277,66.317
859,л,66.317,66.357
860,ь,66.357,66.397
861,ш,66.397,66.437
862,е,66.437,66.477
863,",",66.477,66.557
864, ,66.557,66.637
865,ч,66.637,66.664
866,е,66.664,66.690
867,м,66.690,66.717
868, ,66.717,66.797
869,в,66.797,66.837
870, ,66.837,66.877
871,R,66.877,66.930
872,e,66.930,66.984
873,d,66.984,67.037
874, ,67.037,67.117
875,D,67.117,67.137
876,e,67.137,67.157
877,a,67.157,67.177
878,d,67.177,67.197
879, ,67.197,67.277
880,R,67.277,67.357
881,e,67.357,67.437
882,d,67.437,67.517
883,e,67.517,67.574
884,m,67.574,67.631
885,p,67.631,67.688
886,t,67.688,67.746
887,i,67.746,67.803
888,o,67.803,67.860
889,n,67.860,67.917
890,",",67.917,67.997
891, ,67.997,68.077
892,G,68.077,68.157
893,T,68.157,68.317
894,A,68.317,68.477
895, ,68.477,68.597
896,4,68.597,68.877
897, ,68.877,69.117
898,и,69.117,69.157
899, ,69.157,69.197
900,S,69.197,69.250
901,a,69.250,69.304
902,n,69.304,69.357
903, ,69.357,69.437
904,A,69.437,69.490
905,n,69.490,69.544
906,d,69.544,69.597
907,r,69.597,69.676
908,e,69.676,69.756
909,a,69.756,69.836
910,s,69.836,69.916
911, ,69.916,70.076
912,в,70.076,70.156
913,м,70.156,70.216
914,е,70.216,70.276
915,с,70.276,70.336
916,т,70.336,70.396
917,е,70.396,70.476
918, ,70.476,70.516
919,в,70.516,70.556
920,з,70.556,70.636
921,я,70.636,70.756
922,т,70.756,70.876
923,ы,70.876,70.956
924,х,70.956,71.036
925,.,71.036,71.276
926,А,71.337,71.417
927, ,71.417,71.497
928,в,71.497,71.577
929, ,71.577,71.697
930,п,71.697,71.727
931,е,71.727,71.757
932,р,71.757,71.787
933,в,71.787,71.817
934,ы,71.817,71.857
935,е,71.857,71.897
936, ,71.897,71.977
937,с,71.977,72.030
938,у,72.030,72.084
939,т,72.084,72.137
940,к,72.137,72.217
941,и,72.217,72.297
942, ,72.297,72.350
943,п,72.350,72.404
944,о,72.404,72.430
945,с,72.430,72.457
946,л,72.457,72.497
947,е,72.497,72.537
948, ,72.537,72.617
949,в,72.617,72.697
950,ы,72.697,72.777
951,х,72.777,72.830
952,о,72.830,72.884
953,д,72.884,72.937
954,а,72.937,73.017
955, ,73.017,73.097
956,и,73.097,73.157
957,г,73.157,73.217
958,р,73.217,73.277
959,а,73.277,73.337
960, ,73.337,73.417
961,п,73.417,73.457
962,р,73.457,73.497
963,и,73.497,73.537
964,н,73.537,73.577
965,е,73.577,73.657
966,с,73.657,73.737
967,л,73.737,73.777
968,а,73.777,73.817
969, ,73.817,73.977
970,8,73.977,74.137
971,0,74.137,74.457
972,0,74.457,74.537
973, ,74.537,74.697
974,м,74.697,74.777
975,и,74.777,74.817
976,л,74.817,74.857
977,л,74.857,74.897
978,и,74.897,74.937
979,о,74.937,75.017
980,н,75.017,75.097
981,о,75.097,75.137
982,в,75.137,75.177
983, ,75.177,75.257
984,д,75.257,75.310
985,о,75.310,75.364
986,л,75.364,75.417
987,л,75.417,75.497
988,а,75.497,75.537
989,р,75.537,75.577
990,о,75.577,75.657
991,в,75.657,75.737
992,",",75.737,76.057
993, ,76.057,76.097
994,и,76.097,76.137
995, ,76.137,76.217
996,у,76.217,76.257
997,ж,76.257,76.297
998,е,76.297,76.377
999, ,76.377,76.457
1000,ч,76.457,76.484
1001,е,76.484,76.510
1002,р,76.510,76.537
1003,е,76.537,76.617
1004,з,76.617,76.697
1005, ,76.697,76.777
1006,т,76.777,76.804
1007,р,76.804,76.830
1008,и,76.830,76.857
1009, ,76.857,77.017
1010,д,77.017,77.137
1011,н,77.137,77.197
1012,я,77.197,77.257
1013, ,77.257,77.497
1014,—,77.497,77.537
1015, ,77.537,77.577
1016,м,77.577,77.657
1017,и,77.657,77.697
1018,л,77.697,77.737
1019,л,77.737,77.816
1020,и,77.816,77.896
1021,а,77.896,77.976
1022,р,77.976,78.056
1023,д,78.056,78.216
1024,.,78.216,78.296
1025, ,78.296,78.696
1026,Д,78.696,78.736
1027,о,78.736,78.776
1028, ,78.776,78.856
1029,э,78.856,78.936
1030,т,78.936,79.016
1031,о,79.016,79.069
1032,г,79.069,79.123
1033,о,79.123,79.176
1034, ,79.176,79.256
1035,н,79.256,79.296
1036,и,79.296,79.336
1037, ,79.336,79.416
1038,о,79.416,79.496
1039,д,79.496,79.576
1040,н,79.576,79.616
1041,а,79.616,79.656
1042, ,79.656,79.736
1043,р,79.736,79.763
1044,а,79.763,79.789
1045,з,79.789,79.816
1046,в,79.816,79.869
1047,л,79.869,79.923
1048,е,79.923,79.976
1049,к,79.976,80.029
1050,а,80.029,80.083
1051,т,80.083,80.136
1052,е,80.136,80.189
1053,л,80.189,80.243
1054,ь,80.243,80.296
1055,н,80.296,80.349
1056,а,80.349,80.403
1057,я,80.403,80.456
1058, ,80.456,80.496
1059,п,80.496,80.536
1060,р,80.536,80.563
1061,е,80.563,80.589
1062,м,80.589,80.616
1063,ь,80.616,80.696
1064,е,80.696,80.776
1065,р,80.776,80.856
1066,а,80.856,80.936
1067, ,80.936,80.976
1068,н,80.976,80.996
1069,е,80.996,81.016
1070, ,81.016,81.096
1071,з,81.096,81.136
1072,а,81.136,81.176
1073,р,81.176,81.224
1074,а,81.224,81.272
1075,б,81.272,81.320
1076,а,81.320,81.368
1077,т,81.368,81.416
1078,ы,81.416,81.456
1079,в,81.456,81.496
1080,а,81.496,81.549
1081,л,81.549,81.603
1082,а,81.603,81.656
1083, ,81.656,81.816
1084,т,81.816,81.896
1085,а,81.896,81.936
1086,к,81.936,81.976
1087, ,81.976,82.056
1088,б,82.056,82.136
1089,ы,82.136,82.216
1090,с,82.216,82.296
1091,т,82.296,82.376
1092,р,82.376,82.456
1093,о,82.456,82.536
1094,.,82.536,82.776
1095,"
",82.776,83.016
1096,Н,83.016,83.056
1097,о,83.056,83.096
1098, ,83.096,83.256
1099,к,83.256,83.336
1100,а,83.336,83.376
1101,к,83.376,83.416
1102, ,83.416,83.456
1103,э,83.456,83.496
1104,т,83.496,83.536
1105,о,83.536,83.576
1106, ,83.576,83.656
1107,в,83.656,83.696
1108,о,83.696,83.736
1109,о,83.736,83.796
1110,б,83.796,83.856
1111,щ,83.856,83.916
1112,е,83.916,83.976
1113, ,83.976,84.096
1114,в,84.096,84.136
1115,о,84.136,84.176
1116,з,84.176,84.216
1117,м,84.216,84.296
1118,о,84.296,84.376
1119,ж,84.376,84.456
1120,н,84.456,84.536
1121,о,84.536,84.616
1122,?,84.616,84.856
1123, ,84.856,85.096
1124,R,85.096,85.136
1125,o,85.136,85.176
1126,c,85.176,85.216
1127,k,85.216,85.256
1128,s,85.256,85.316
1129,t,85.316,85.376
1130,a,85.376,85.436
1131,r,85.436,85.496
1132, ,85.496,85.536
1133,п,85.536,85.576
1134,о,85.576,85.629
1135,с,85.629,85.683
1136,т,85.683,85.736
1137,р,85.736,85.816
1138,о,85.816,85.896
1139,и,85.896,85.949
1140,л,85.949,86.003
1141,а,86.003,86.056
1142, ,86.056,86.136
1143,м,86.136,86.189
1144,и,86.189,86.243
1145,р,86.243,86.296
1146, ,86.296,86.376
1147,т,86.376,86.456
1148,а,86.456,86.536
1149,к,86.536,86.616
1150,",",86.616,86.656
1151, ,86.656,86.696
1152,ч,86.696,86.749
1153,т,86.749,86.803
1154,о,86.803,86.856
1155, ,86.856,86.896
1156,э,86.896,86.936
1157,т,86.936,87.016
1158,о,87.016,87.096
1159, ,87.096,87.136
1160,п,87.136,87.156
1161,о,87.156,87.176
1162,-,87.176,87.256
1163,н,87.256,87.296
1164,а,87.296,87.336
1165,с,87.336,87.436
1166,т,87.436,87.536
1167,о,87.536,87.636
1168,я,87.636,87.736
1169,щ,87.736,87.816
1170,е,87.816,87.896
1171,м,87.896,87.976
1172,у,87.976,88.056
1173, ,88.056,88.096
1174,п,88.096,88.109
1175,о,88.109,88.123
1176,р,88.123,88.136
1177,а,88.136,88.256
1178,ж,88.256,88.376
1179,а,88.376,88.483
1180,е,88.483,88.589
1181,т,88.589,88.696
1182,.,88.696,88.896
1183, ,88.896,89.096
1184,К,89.096,89.216
1185,о,89.216,89.246
1186,г,89.246,89.276
1187,д,89.276,89.306
1188,а,89.306,89.336
1189, ,89.336,89.376
1190,в,89.376,89.396
1191,ы,89.396,89.416
1192, ,89.416,89.496
1193,и,89.496,89.556
1194,г,89.556,89.616
1195,р,89.616,89.676
1196,а,89.676,89.736
1197,е,89.736,89.843
1198,т,89.843,89.949
1199,е,89.949,90.056
1200,",",90.056,90.096
1201, ,90.096,90.136
1202,в,90.136,90.216
1203, ,90.216,90.256
1204,п,90.256,90.296
1205,а,90.296,90.336
1206,м,90.336,90.376
1207,я,90.376,90.456
1208,т,90.456,90.536
1209,и,90.536,90.616
1210, ,90.616,90.656
1211,н,90.656,90.676
1212,е,90.676,90.696
1213, ,90.696,90.816
1214,л,90.816,90.856
1215,е,90.856,90.896
1216,ж,90.896,90.936
1217,и,90.936,90.976
1218,т,90.976,91.016
1219, ,91.016,91.096
1220,в,91.096,91.176
1221,с,91.176,91.256
1222,я,91.256,91.336
1223, ,91.336,91.416
1224,к,91.416,91.443
1225,а,91.443,91.469
1226,р,91.469,91.496
1227,т,91.496,91.576
1228,а,91.576,91.656
1229, ,91.656,91.736
1230,ц,91.736,91.856
1231,е,91.856,91.896
1232,л,91.896,91.936
1233,и,91.936,91.976
1234,к,91.976,92.056
1235,о,92.056,92.136
1236,м,92.136,92.216
1237,",",92.216,92.456
1238, ,92.456,92.496
1239,э,92.496,92.536
1240,т,92.536,92.616
1241,о,92.616,92.696
1242, ,92.696,92.736
1243,п,92.736,92.756
1244,р,92.756,92.776
1245,о,92.776,92.829
1246,с,92.829,92.883
1247,т,92.883,92.936
1248,о,92.936,92.976
1249, ,92.976,93.016
1250,н,93.016,93.069
1251,е,93.069,93.123
1252,в,93.123,93.176
1253,о,93.176,93.216
1254,з,93.216,93.256
1255,м,93.256,93.336
1256,о,93.336,93.416
1257,ж,93.416,93.496
1258,н,93.496,93.576
1259,о,93.576,93.656
1260,.,93.656,93.856
1261, ,93.856,94.056
1262,В,94.056,94.136
1263,м,94.136,94.196
1264,е,94.196,94.256
1265,с,94.256,94.316
1266,т,94.316,94.376
1267,о,94.376,94.456
1268, ,94.456,94.536
1269,э,94.536,94.616
1270,т,94.616,94.696
1271,о,94.696,94.776
1272,г,94.776,94.856
1273,о,94.856,94.936
1274, ,94.936,95.096
1275,и,95.096,95.136
1276,г,95.136,95.176
1277,р,95.176,95.216
1278,а,95.216,95.256
1279, ,95.256,95.296
1280,в,95.296,95.336
1281,с,95.336,95.416
1282,ё,95.416,95.456
1283, ,95.456,95.496
1284,в,95.496,95.536
1285,р,95.536,95.576
1286,е,95.576,95.616
1287,м,95.616,95.656
1288,я,95.656,95.736
1289, ,95.736,95.816
1290,с,95.816,95.869
1291,о,95.869,95.923
1292,б,95.923,95.976
1293,и,95.976,96.056
1294,р,96.056,96.136
1295,а,96.136,96.216
1296,е,96.216,96.296
1297,т,96.296,96.376
1298, ,96.376,96.456
1299,м,96.456,96.509
1300,и,96.509,96.563
1301,р,96.563,96.616
1302, ,96.616,96.696
1303,в,96.696,96.776
1304,о,96.776,96.816
1305,к,96.816,96.856
1306,р,96.856,96.909
1307,у,96.909,96.963
1308,г,96.963,97.016
1309, ,97.016,97.096
1310,в,97.096,97.256
1311,а,97.256,97.336
1312,с,97.336,97.416
1313,.,97.416,97.576
1314, ,97.576,97.735
1315,К,97.735,97.815
1316,у,97.815,97.855
1317,д,97.855,97.895
1318,а,97.895,97.975
1319, ,97.975,98.015
1320,б,98.015,98.035
1321,ы,98.035,98.055
1322, ,98.055,98.135
1323,в,98.135,98.175
1324,ы,98.175,98.215
1325, ,98.215,98.295
1326,н,98.295,98.335
1327,и,98.335,98.375
1328, ,98.375,98.455
1329,п,98.455,98.495
1330,о,98.495,98.535
1331,ш,98.535,98.642
1332,л,98.642,98.748
1333,и,98.748,98.855
1334, ,98.855,98.895
1335,и,98.895,98.935
1336, ,98.935,99.015
1337,н,99.015,99.055
1338,а,99.055,99.095
1339, ,99.095,99.175
1340,ч,99.175,99.228
1341,т,99.228,99.282
1342,о,99.282,99.335
1343, ,99.335,99.375
1344,б,99.375,99.395
1345,ы,99.395,99.415
1346, ,99.415,99.495
1347,н,99.495,99.535
1348,и,99.535,99.575
1349, ,99.575,99.628
1350,п,99.628,99.682
1351,о,99.682,99.708
1352,с,99.708,99.735
1353,м,99.735,99.795
1354,о,99.795,99.855
1355,т,99.855,99.915
1356,р,99.915,99.975
1357,е,99.975,100.055
1358,л,100.055,100.135
1359,и,100.135,100.215
1360,",",100.215,100.455
1361, ,100.455,100.615
1362,и,100.615,100.655
1363,г,100.655,100.695
1364,р,100.695,100.735
1365,а,100.735,100.775
1366, ,100.775,100.935
1367,т,100.935,101.015
1368,и,101.015,101.095
1369,х,101.095,101.175
1370,о,101.175,101.255
1371, ,101.255,101.335
1372,п,101.335,101.388
1373,о,101.388,101.442
1374,д,101.442,101.495
1375,т,101.495,101.575
1376,я,101.575,101.655
1377,г,101.655,101.735
1378,и,101.735,101.783
1379,в,101.783,101.831
1380,а,101.831,101.879
1381,е,101.879,101.927
1382,т,101.927,101.975
1383, ,101.975,102.095
1384,к,102.095,102.135
1385,у,102.135,102.175
1386,с,102.175,102.215
1387,о,102.215,102.315
1388,ч,102.315,102.415
1389,к,102.415,102.515
1390,и,102.515,102.615
1391,",",102.615,102.655
1392, ,102.655,102.695
1393,к,102.695,102.815
1394,о,102.815,102.845
1395,т,102.845,102.875
1396,о,102.875,102.905
1397,р,102.905,102.935
1398,ы,102.935,102.975
1399,е,102.975,103.015
1400, ,103.015,103.095
1401,н,103.095,103.175
1402,у,103.175,103.215
1403,ж,103.215,103.255
1404,н,103.255,103.375
1405,ы,103.375,103.495
1406, ,103.495,103.615
1407,и,103.615,103.675
1408,м,103.675,103.735
1409,е,103.735,103.795
1410,н,103.795,103.855
1411,н,103.855,103.915
1412,о,103.915,103.975
1413, ,103.975,104.015
1414,в,104.015,104.055
1415, ,104.055,104.135
1416,э,104.135,104.175
1417,т,104.175,104.215
1418,о,104.215,104.295
1419,т,104.295,104.375
1420, ,104.375,104.428
1421,м,104.428,104.482
1422,о,104.482,104.508
1423,м,104.508,104.535
1424,е,104.535,104.642
1425,н,104.642,104.748
1426,т,104.748,104.855
1427,.,104.855,105.175
1428, ,105.175,105.215
1429,А,105.215,105.255
1430, ,105.255,105.335
1431,в,105.335,105.415
1432,с,105.415,105.455
1433,ё,105.455,105.495
1434,",",105.495,105.535
1435, ,105.535,105.575
1436,ч,105.575,105.602
1437,т,105.602,105.628
1438,о,105.628,105.655
1439, ,105.655,105.735
1440,в,105.735,105.775
1441,ы,105.775,105.815
1442, ,105.815,105.895
1443,у,105.895,105.935
1444,ж,105.935,105.975
1445,е,105.975,106.135
1446, ,106.135,106.215
1447,п,106.215,106.242
1448,р,106.242,106.268
1449,о,106.268,106.295
1450,ш,106.295,106.402
1451,л,106.402,106.508
1452,и,106.508,106.615
1453,",",106.615,106.775
1454, ,106.775,106.855
1455,о,106.855,106.882
1456,н,106.882,106.908
1457,а,106.908,106.935
1458, ,106.935,107.015
1459,в,107.015,107.055
1460,ы,107.055,107.095
1461,г,107.095,107.215
1462,р,107.215,107.255
1463,у,107.255,107.295
1464,ж,107.295,107.335
1465,а,107.335,107.442
1466,е,107.442,107.548
1467,т,107.548,107.655
1468,.,107.655,108.055
1469, ,108.055,108.095
1470,С,108.095,108.135
1471,а,108.135,108.175
1472,м,108.175,108.215
1473,о,108.215,108.255
1474,е,108.255,108.295
1475, ,108.295,108.375
1476,с,108.375,108.415
1477,м,108.415,108.455
1478,е,108.455,108.535
1479,ш,108.535,108.615
1480,н,108.615,108.695
1481,о,108.695,108.775
1482,е,108.775,108.855
1483,",",108.855,108.935
1484, ,108.935,109.055
1485,ч,109.055,109.095
1486,т,109.095,109.135
1487,о,109.135,109.175
1488, ,109.175,109.255
1489,и,109.255,109.335
1490,г,109.335,109.415
1491,р,109.415,109.495
1492,а,109.495,109.575
1493,я,109.575,109.735
1494, ,109.735,109.815
1495,в,109.815,109.895
1496,ы,109.895,109.975
1497, ,109.975,110.055
1498,п,110.055,110.082
1499,о,110.082,110.108
1500,ч,110.108,110.135
1501,т,110.135,110.215
1502,и,110.215,110.295
1503, ,110.295,110.375
1504,н,110.375,110.428
1505,и,110.428,110.482
1506,ч,110.482,110.535
1507,е,110.535,110.642
1508,г,110.642,110.748
1509,о,110.748,110.855
1510, ,110.855,110.935
1511,э,110.935,110.975
1512,т,110.975,111.015
1513,о,111.015,111.068
1514,г,111.068,111.122
1515,о,111.122,111.175
1516, ,111.175,111.215
1517,н,111.215,111.235
1518,е,111.235,111.255
1519, ,111.255,111.335
1520,з,111.335,111.388
1521,а,111.388,111.442
1522,м,111.442,111.495
1523,е,111.495,111.535
1524,ч,111.535,111.575
1525,а,111.575,111.682
1526,е,111.682,111.788
1527,т,111.788,111.895
1528,е,111.895,112.055
1529,.,112.055,112.295
1530,"
",112.295,112.535
1531,Н,112.535,112.615
1532,о,112.615,112.695
1533, ,112.695,112.775
1534,з,112.775,112.895
1535,а,112.895,112.955
1536,ч,112.955,113.015
1537,е,113.015,113.095
1538,м,113.095,113.175
1539, ,113.175,113.295
1540,R,113.295,113.325
1541,o,113.325,113.355
1542,c,113.355,113.385
1543,k,113.385,113.415
1544,s,113.415,113.475
1545,t,113.475,113.535
1546,a,113.535,113.595
1547,r,113.595,113.655
1548, ,113.655,113.735
1549,п,113.735,113.762
1550,о,113.762,113.788
1551,н,113.788,113.815
1552,а,113.815,113.855
1553,д,113.855,113.895
1554,о,113.895,113.935
1555,б,113.935,113.975
1556,и,113.975,114.023
1557,л,114.023,114.071
1558,о,114.071,114.119
1559,с,114.119,114.167
1560,ь,114.167,114.215
1561, ,114.215,114.295
1562,т,114.295,114.375
1563,а,114.375,114.415
1564,к,114.415,114.455
1565, ,114.455,114.575
1566,д,114.575,114.615
1567,е,114.615,114.655
1568,л,114.655,114.695
1569,а,114.695,114.748
1570,т,114.748,114.802
1571,ь,114.802,114.855
1572,?,114.855,115.015
1573, ,115.015,115.175
1574,П,115.175,115.255
1575,о,115.255,115.295
1576,ч,115.295,115.335
1577,е,115.335,115.415
1578,м,115.415,115.495
1579,у,115.495,115.522
1580, ,115.522,115.548
1581,н,115.548,115.575
1582,е,115.575,115.628
1583,л,115.628,115.682
1584,ь,115.682,115.735
1585,з,115.735,115.775
1586,я,115.775,115.815
1587, ,115.815,115.855
1588,б,115.855,115.875
1589,ы,115.875,115.895
1590,л,115.895,115.935
1591,о,115.935,115.975
1592, ,115.975,116.055
1593,з,116.055,116.135
1594,а,116.135,116.175
1595,г,116.175,116.215
1596,р,116.215,116.268
1597,у,116.268,116.322
1598,з,116.322,116.375
1599,и,116.375,116.428
1600,т,116.428,116.482
1601,ь,116.482,116.535
1602, ,116.535,116.615
1603,к,116.615,116.642
1604,а,116.642,116.668
1605,р,116.668,116.695
1606,т,116.695,116.775
1607,у,116.775,116.855
1608, ,116.855,116.935
1609,ц,116.935,117.055
1610,е,117.055,117.095
1611,л,117.095,117.135
1612,и,117.135,117.175
1613,к,117.175,117.255
1614,о,117.255,117.335
1615,м,117.335,117.415
1616,?,117.415,117.495
1617, ,117.495,117.974
1618,Ч,117.974,118.054
1619,т,118.054,118.134
1620,о,118.134,118.161
1621,б,118.161,118.187
1622,ы,118.187,118.214
1623, ,118.214,118.294
1624,э,118.294,118.374
1625,т,118.374,118.414
1626,о,118.414,118.454
1627, ,118.454,118.574
1628,п,118.574,118.614
1629,о,118.614,118.654
1630,н,118.654,118.694
1631,я,118.694,118.774
1632,т,118.774,118.854
1633,ь,118.854,118.934
1634,",",118.934,119.014
1635, ,119.014,119.054
1636,н,119.054,119.094
1637,у,119.094,119.134
1638,ж,119.134,119.174
1639,н,119.174,119.254
1640,о,119.254,119.334
1641, ,119.334,119.374
1642,з,119.374,119.414
1643,а,119.414,119.454
1644,г,119.454,119.494
1645,л,119.494,119.534
1646,я,119.534,119.574
1647,н,119.574,119.634
1648,у,119.634,119.694
1649,т,119.694,119.754
1650,ь,119.754,119.814
1651, ,119.814,119.894
1652,в,119.894,119.974
1653,н,119.974,120.027
1654,у,120.027,120.081
1655,т,120.081,120.134
1656,р,120.134,120.214
1657,ь,120.214,120.254
1658, ,120.254,120.294
1659,P,120.294,120.354
1660,l,120.354,120.414
1661,a,120.414,120.474
1662,y,120.474,120.534
1663,S,120.534,120.580
1664,t,120.580,120.625
1665,a,120.625,120.671
1666,t,120.671,120.717
1667,i,120.717,120.763
1668,o,120.763,120.808
1669,n,120.808,120.854
1670, ,120.854,121.014
1671,3,121.014,121.174
1672,.,121.174,121.254
1673, ,121.254,121.654
1674,В,121.654,121.734
1675,м,121.734,121.794
1676,е,121.794,121.854
1677,с,121.854,121.914
1678,т,121.914,121.974
1679,о,121.974,122.054
1680, ,122.054,122.094
1681,п,122.094,122.114
1682,р,122.114,122.134
1683,о,122.134,122.187
1684,с,122.187,122.241
1685,т,122.241,122.294
1686,о,122.294,122.347
1687,г,122.347,122.401
1688,о,122.401,122.454
1689, ,122.454,122.534
1690,п,122.534,122.587
1691,р,122.587,122.641
1692,о,122.641,122.694
1693,ц,122.694,122.774
1694,е,122.774,122.827
1695,с,122.827,122.881
1696,с,122.881,122.934
1697,о,122.934,123.014
1698,р,123.014,123.094
1699,а,123.094,123.174
1700, ,123.174,123.254
1701,в,123.254,123.294
1702, ,123.294,123.334
1703,н,123.334,123.387
1704,е,123.387,123.441
1705,й,123.441,123.494
1706, ,123.494,123.654
1707,с,123.654,123.694
1708,т,123.694,123.734
1709,о,123.734,123.774
1710,я,123.774,123.814
1711,л,123.814,123.894
1712, ,123.894,124.054
1713,C,124.054,124.114
1714,e,124.114,124.174
1715,l,124.174,124.234
1716,l,124.234,124.294
1717, ,124.294,124.374
1718,B,124.374,124.422
1719,r,124.422,124.470
1720,o,124.470,124.518
1721,a,124.518,124.566
1722,d,124.566,124.614
1723,b,124.614,124.674
1724,a,124.674,124.734
1725,n,124.734,124.794
1726,d,124.794,124.854
1727, ,124.854,124.934
1728,E,124.934,125.001
1729,n,125.001,125.067
1730,g,125.067,125.134
1731,i,125.134,125.201
1732,n,125.201,125.267
1733,e,125.267,125.334
1734,.,125.334,125.414
1735, ,125.414,125.734
1736,П,125.734,125.814
1737,р,125.814,125.841
1738,е,125.841,125.867
1739,д,125.867,125.894
1740,с,125.894,125.954
1741,т,125.954,126.014
1742,а,126.014,126.074
1743,в,126.074,126.134
1744,ь,126.134,126.187
1745,т,126.187,126.241
1746,е,126.241,126.294
1747, ,126.294,126.334
1748,м,126.334,126.374
1749,а,126.374,126.414
1750,л,126.414,126.454
1751,е,126.454,126.494
1752,н,126.494,126.534
1753,ь,126.534,126.574
1754,к,126.574,126.614
1755,у,126.614,126.654
1756,ю,126.654,126.694
1757, ,126.694,126.774
1758,к,126.774,126.854
1759,о,126.854,126.934
1760,м,126.934,127.014
1761,а,127.014,127.067
1762,н,127.067,127.121
1763,д,127.121,127.174
1764,у,127.174,127.334
1765,",",127.334,127.374
1766, ,127.374,127.414
1767,г,127.414,127.494
1768,д,127.494,127.534
1769,е,127.534,127.574
1770, ,127.574,127.734
1771,о,127.734,127.814
1772,д,127.814,127.894
1773,и,127.894,127.934
1774,н,127.934,127.974
1775, ,127.974,128.134
1776,«,128.134,128.174
1777,б,128.174,128.214
1778,о,128.214,128.294
1779,с,128.294,128.374
1780,с,128.374,128.454
1781,»,128.454,128.534
1782, ,128.534,128.614
1783,п,128.614,128.654
1784,о,128.654,128.694
1785, ,128.694,128.774
1786,и,128.774,128.814
1787,м,128.814,128.854
1788,е,128.854,128.907
1789,н,128.907,128.961
1790,и,128.961,129.014
1791, ,129.014,129.174
1792,P,129.174,129.334
1793,P,129.334,129.574
1794,E,129.574,129.814
1795, ,129.814,130.134
1796,р,130.134,130.187
1797,а,130.187,130.241
1798,з,130.241,130.294
1799,д,130.294,130.334
1800,а,130.334,130.374
1801,ё,130.374,130.454
1802,т,130.454,130.534
1803, ,130.534,130.614
1804,п,130.614,130.641
1805,р,130.641,130.667
1806,и,130.667,130.694
1807,к,130.694,130.774
1808,а,130.774,130.854
1809,з,130.854,130.934
1810,ы,130.934,131.014
1811, ,131.014,131.094
1812,«,131.094,131.174
1813,р,131.174,131.254
1814,а,131.254,131.334
1815,б,131.334,131.414
1816,о,131.414,131.494
1817,ч,131.494,131.574
1818,и,131.574,131.654
1819,м,131.654,131.734
1820,»,131.734,131.854
1821, ,131.854,131.974
1822,—,131.974,132.014
1823, ,132.014,132.054
1824,S,132.054,132.214
1825,P,132.214,132.454
1826,U,132.454,132.694
1827,.,132.694,132.894
1828, ,132.894,133.094
1829,К,133.094,133.174
1830,о,133.174,133.214
1831,г,133.214,133.254
1832,д,133.254,133.294
1833,а,133.294,133.334
1834, ,133.334,133.374
1835,в,133.374,133.394
1836,ы,133.394,133.414
1837, ,133.414,133.494
1838,в,133.494,133.547
1839,е,133.547,133.601
1840,д,133.601,133.654
1841,ё,133.654,133.734
1842,т,133.734,133.774
1843,е,133.774,133.814
1844, ,133.814,133.894
1845,м,133.894,134.014
1846,а,134.014,134.074
1847,ш,134.074,134.134
1848,и,134.134,134.214
1849,н,134.214,134.294
1850,у,134.294,134.374
1851,",",134.374,134.534
1852, ,134.534,134.614
1853,P,134.614,134.694
1854,P,134.694,134.854
1855,E,134.854,135.094
1856, ,135.094,135.134
1857,п,135.134,135.174
1858,о,135.174,135.254
1859,с,135.254,135.334
1860,ы,135.334,135.374
1861,л,135.374,135.414
1862,а,135.414,135.494
1863,е,135.494,135.574
1864,т,135.574,135.654
1865, ,135.654,135.734
1866,S,135.734,135.814
1867,P,135.814,136.054
1868,U,136.054,136.214
1869, ,136.214,136.294
1870,з,136.294,136.347
1871,а,136.347,136.401
1872,д,136.401,136.454
1873,а,136.454,136.534
1874,н,136.534,136.614
1875,и,136.614,136.694
1876,я,136.694,136.774
1877, ,136.774,136.814
1878,н,136.814,136.834
1879,а,136.834,136.854
1880, ,136.854,136.934
1881,с,136.934,137.054
1882,о,137.054,137.094
1883,з,137.094,137.134
1884,д,137.134,137.174
1885,а,137.174,137.234
1886,н,137.234,137.294
1887,и,137.294,137.354
1888,е,137.354,137.414
1889, ,137.414,137.494
1890,а,137.494,137.546
1891,н,137.546,137.600
1892,и,137.600,137.653
1893,м,137.653,137.733
1894,а,137.733,137.840
1895,ц,137.840,137.946
1896,и,137.946,138.053
1897,й,138.053,138.093
1898, ,138.093,138.133
1899,и,138.133,138.213
1900, ,138.213,138.293
1901,з,138.293,138.373
1902,в,138.373,138.453
1903,у,138.453,138.533
1904,к,138.533,138.613
1905,а,138.613,138.693
1906,.,138.693,139.013
1907,К,139.069,139.149
1908,о,139.149,139.189
1909,г,139.189,139.229
1910,д,139.229,139.269
1911,а,139.269,139.309
1912, ,139.309,139.389
1913,в,139.389,139.469
1914,с,139.469,139.509
1915,я,139.509,139.549
1916, ,139.549,139.629
1917,э,139.629,139.709
1918,т,139.709,139.729
1919,а,139.729,139.749
1920, ,139.749,139.789
1921,р,139.789,139.837
1922,а,139.837,139.885
1923,б,139.885,139.933
1924,о,139.933,139.981
1925,т,139.981,140.029
1926,а,140.029,140.109
1927, ,140.109,140.189
1928,с,140.189,140.269
1929,д,140.269,140.349
1930,е,140.349,140.429
1931,л,140.429,140.509
1932,а,140.509,140.589
1933,н,140.589,140.669
1934,а,140.669,140.749
1935,",",140.749,140.909
1936, ,140.909,140.989
1937,р,140.989,141.229
1938,е,141.229,141.259
1939,з,141.259,141.289
1940,у,141.289,141.319
1941,л,141.319,141.349
1942,ь,141.349,141.379
1943,т,141.379,141.409
1944,а,141.409,141.439
1945,т,141.439,141.469
1946,ы,141.469,141.522
1947, ,141.522,141.576
1948,о,141.576,141.602
1949,т,141.602,141.629
1950,п,141.629,141.669
1951,р,141.669,141.709
1952,а,141.709,141.749
1953,в,141.749,141.789
1954,л,141.789,141.829
1955,я,141.829,141.869
1956,ю,141.869,141.929
1957,т,141.929,141.989
1958,с,141.989,142.049
1959,я,142.049,142.109
1960, ,142.109,142.189
1961,д,142.189,142.269
1962,а,142.269,142.349
1963,л,142.349,142.429
1964,ь,142.429,142.509
1965,ш,142.509,142.589
1966,е,142.589,142.669
1967,",",142.669,142.829
1968, ,142.829,142.869
1969,в,142.869,142.909
1970, ,142.909,143.029
1971,г,143.029,143.059
1972,р,143.059,143.089
1973,а,143.089,143.119
1974,ф,143.119,143.149
1975,и,143.149,143.195
1976,ч,143.195,143.240
1977,е,143.240,143.286
1978,с,143.286,143.332
1979,к,143.332,143.378
1980,и,143.378,143.423
1981,й,143.423,143.469
1982, ,143.469,143.549
1983,п,143.549,143.602
1984,р,143.602,143.656
1985,о,143.656,143.709
1986,ц,143.709,143.829
1987,е,143.829,143.869
1988,с,143.869,143.909
1989,с,143.909,143.949
1990,о,143.949,143.989
1991,р,143.989,144.029
1992, ,144.029,144.189
1993,R,144.189,144.349
1994,S,144.349,144.509
1995,X,144.509,144.909
1996,.,144.909,145.109
1997, ,145.109,145.309
1998,И,145.309,145.389
1999,м,145.389,145.453
2000,е,145.453,145.517
2001,н,145.517,145.581
2002,н,145.581,145.645
2003,о,145.645,145.709
2004, ,145.709,145.789
2005,о,145.789,145.869
2006,н,145.869,145.949
2007, ,145.949,145.989
2008,в,145.989,146.029
2009, ,146.029,146.109
2010,и,146.109,146.149
2011,т,146.149,146.189
2012,о,146.189,146.229
2013,г,146.229,146.269
2014,е,146.269,146.349
2015, ,146.349,146.389
2016,п,146.389,146.409
2017,р,146.409,146.429
2018,е,146.429,146.469
2019,в,146.469,146.509
2020,р,146.509,146.589
2021,а,146.589,146.669
2022,щ,146.669,146.749
2023,а,146.749,146.802
2024,е,146.802,146.856
2025,т,146.856,146.909
2026, ,146.909,146.989
2027,в,146.989,147.069
2028,с,147.069,147.149
2029,ё,147.149,147.229
2030, ,147.229,147.269
2031,в,147.269,147.309
2032, ,147.309,147.389
2033,п,147.389,147.469
2034,и,147.469,147.509
2035,к,147.509,147.549
2036,с,147.549,147.629
2037,е,147.629,147.681
2038,л,147.681,147.735
2039,и,147.735,147.788
2040, ,147.788,147.828
2041,н,147.828,147.848
2042,а,147.848,147.868
2043, ,147.868,147.948
2044,э,147.948,148.028
2045,к,148.028,148.108
2046,р,148.108,148.161
2047,а,148.161,148.215
2048,н,148.215,148.268
2049,е,148.268,148.428
2050,.,148.428,148.508
2051,"
",148.508,148.988
2052,Н,148.988,149.068
2053,о,149.068,149.228
2054, ,149.228,149.388
2055,е,149.388,149.448
2056,с,149.448,149.508
2057,т,149.508,149.568
2058,ь,149.568,149.628
2059, ,149.628,149.748
2060,п,149.748,149.788
2061,о,149.788,149.828
2062,д,149.828,149.868
2063,в,149.868,149.948
2064,о,149.948,150.028
2065,х,150.028,150.188
2066,.,150.188,150.268
2067, ,150.268,150.668
2068,Э,150.668,150.748
2069,т,150.748,150.788
2070,и,150.788,150.828
2071, ,150.828,150.908
2072,р,150.908,150.935
2073,а,150.935,150.961
2074,б,150.961,150.988
2075,о,150.988,151.108
2076,ч,151.108,151.228
2077,и,151.228,151.308
2078,е,151.308,151.388
2079, ,151.388,151.468
2080,о,151.468,151.548
2081,ч,151.548,151.628
2082,е,151.628,151.655
2083,н,151.655,151.681
2084,ь,151.681,151.708
2085, ,151.708,151.868
2086,б,151.868,151.948
2087,ы,151.948,152.028
2088,с,152.028,152.068
2089,т,152.068,152.108
2090,р,152.108,152.228
2091,ы,152.228,152.348
2092,е,152.348,152.428
2093,",",152.428,152.668
2094, ,152.668,152.748
2095,н,152.748,152.828
2096,о,152.828,152.908
2097, ,152.908,152.948
2098,и,152.948,152.988
2099, ,152.988,153.068
2100,о,153.068,153.148
2101,ч,153.148,153.228
2102,е,153.228,153.255
2103,н,153.255,153.281
2104,ь,153.281,153.308
2105, ,153.308,153.388
2106,к,153.388,153.468
2107,а,153.468,153.508
2108,п,153.508,153.548
2109,р,153.548,153.628
2110,и,153.628,153.708
2111,з,153.708,153.788
2112,н,153.788,153.868
2113,ы,153.868,153.948
2114,е,153.948,154.028
2115,.,154.028,154.108
2116, ,154.108,154.508
2117,У,154.508,154.588
2118, ,154.588,154.668
2119,к,154.668,154.748
2120,а,154.748,154.775
2121,ж,154.775,154.801
2122,д,154.801,154.828
2123,о,154.828,154.881
2124,г,154.881,154.935
2125,о,154.935,154.988
2126, ,154.988,155.068
2127,в,155.068,155.108
2128,с,155.108,155.148
2129,е,155.148,155.201
2130,г,155.201,155.255
2131,о,155.255,155.308
2132, ,155.308,155.388
2133,2,155.388,155.532
2134,5,155.532,155.660
2135,6,155.660,155.788
2136, ,155.788,155.868
2137,К,155.868,155.996
2138,Б,155.996,156.188
2139, ,156.188,156.348
2140,с,156.348,156.455
2141,о,156.455,156.868
2142,б,156.868,156.908
2143,с,156.908,157.281
2144,т,157.281,157.495
2145,в,157.495,157.548
2146,е,157.548,157.588
2147,н,157.588,157.628
2148,н,157.628,157.668
2149,о,157.668,157.708
2150,г,157.708,157.748
2151,о,157.748,157.788
2152, ,157.788,157.948
2153,к,157.948,158.001
2154,р,158.001,158.055
2155,о,158.055,158.108
2156,ш,158.108,158.188
2157,е,158.188,158.268
2158,ч,158.268,158.348
2159,н,158.348,158.388
2160,о,158.388,158.428
2161,г,158.428,158.468
2162,о,158.468,158.508
2163, ,158.508,158.588
2164,р,158.588,158.641
2165,а,158.641,158.695
2166,б,158.695,158.748
2167,о,158.748,158.828
2168,ч,158.828,158.908
2169,е,158.908,158.961
2170,г,158.961,159.015
2171,о,159.015,159.068
2172, ,159.068,159.228
2173,м,159.228,159.268
2174,е,159.268,159.308
2175,с,159.308,159.348
2176,т,159.348,159.388
2177,а,159.388,159.548
2178,.,159.548,159.748
2179, ,159.748,159.948
2180,П,159.948,159.988
2181,о,159.988,160.028
2182,э,160.028,160.092
2183,т,160.092,160.156
2184,о,160.156,160.220
2185,м,160.220,160.284
2186,у,160.284,160.348
2187, ,160.348,160.388
2188,п,160.388,160.408
2189,р,160.408,160.428
2190,е,160.428,160.508
2191,ж,160.508,160.588
2192,д,160.588,160.628
2193,е,160.628,160.668
2194, ,160.668,160.748
2195,ч,160.748,160.775
2196,е,160.775,160.801
2197,м,160.801,160.828
2198, ,160.828,160.908
2199,о,160.908,160.948
2200,н,160.948,160.988
2201,и,160.988,161.028
2202, ,161.028,161.068
2203,н,161.068,161.121
2204,а,161.121,161.175
2205,ч,161.175,161.228
2206,н,161.228,161.281
2207,у,161.281,161.335
2208,т,161.335,161.388
2209, ,161.388,161.588
2210,р,161.588,161.628
2211,а,161.628,161.668
2212,б,161.668,161.708
2213,о,161.708,161.748
2214,т,161.748,161.788
2215,у,161.788,161.948
2216,",",161.948,162.108
2217, ,162.108,162.188
2218,б,162.188,162.268
2219,о,162.268,162.308
2220,с,162.308,162.348
2221,с,162.348,162.428
2222, ,162.428,162.468
2223,д,162.468,162.508
2224,о,162.508,162.561
2225,л,162.561,162.615
2226,ж,162.615,162.668
2227,е,162.668,162.748
2228,н,162.748,162.828
2229, ,162.828,162.908
2230,а,162.908,162.948
2231,к,162.948,162.988
2232,к,162.988,163.028
2233,у,163.028,163.068
2234,р,163.068,163.148
2235,а,163.148,163.228
2236,т,163.228,163.308
2237,н,163.308,163.348
2238,о,163.348,163.388
2239, ,163.388,163.468
2240,о,163.468,163.508
2241,т,163.508,163.548
2242,п,163.548,163.588
2243,р,163.588,163.628
2244,а,163.628,163.668
2245,в,163.668,163.708
2246,и,163.708,163.761
2247,т,163.761,163.815
2248,ь,163.815,163.868
2249, ,163.868,163.948
2250,и,163.948,163.988
2251,м,163.988,164.028
2252, ,164.028,164.108
2253,р,164.108,164.135
2254,о,164.135,164.161
2255,в,164.161,164.188
2256,н,164.188,164.268
2257,о,164.268,164.348
2258, ,164.348,164.428
2259,т,164.428,164.548
2260,е,164.548,164.668
2261, ,164.668,164.748
2262,д,164.748,164.908
2263,а,164.908,164.948
2264,н,164.948,164.988
2265,н,164.988,165.028
2266,ы,165.028,165.068
2267,е,165.068,165.148
2268,",",165.148,165.228
2269, ,165.228,165.268
2270,к,165.268,165.308
2271,о,165.308,165.348
2272,т,165.348,165.388
2273,о,165.388,165.428
2274,р,165.428,165.468
2275,ы,165.468,165.548
2276,е,165.548,165.628
2277, ,165.628,165.668
2278,н,165.668,165.708
2279,у,165.708,165.788
2280,ж,165.788,165.868
2281,н,165.868,165.988
2282,ы,165.988,166.108
2283,.,166.108,166.348
2284, ,166.348,166.588
2285,Е,166.588,166.668
2286,с,166.668,166.721
2287,л,166.721,166.775
2288,и,166.775,166.828
2289, ,166.828,166.908
2290,х,166.908,166.935
2291,о,166.935,166.961
2292,т,166.961,166.988
2293,ь,166.988,167.068
2294, ,167.068,167.188
2295,н,167.188,167.228
2296,е,167.228,167.268
2297,м,167.268,167.308
2298,н,167.308,167.368
2299,о,167.368,167.428
2300,г,167.428,167.488
2301,о,167.488,167.548
2302, ,167.548,167.627
2303,о,167.627,167.707
2304,ш,167.707,167.760
2305,и,167.760,167.814
2306,б,167.814,167.867
2307,и,167.867,167.947
2308,т,167.947,168.027
2309,ь,168.027,168.107
2310,с,168.107,168.187
2311,я,168.187,168.267
2312,",",168.267,168.427
2313, ,168.427,168.507
2314,о,168.507,168.547
2315,н,168.547,168.587
2316,и,168.587,168.667
2317, ,168.667,168.707
2318,п,168.707,168.727
2319,р,168.727,168.747
2320,о,168.747,168.800
2321,с,168.800,168.854
2322,т,168.854,168.907
2323,о,168.907,168.987
2324, ,168.987,169.067
2325,с,169.067,169.147
2326,т,169.147,169.227
2327,о,169.227,169.307
2328,я,169.307,169.387
2329,т,169.387,169.467
2330, ,169.467,169.507
2331,и,169.507,169.547
2332, ,169.547,169.627
2333,ж,169.627,169.707
2334,д,169.707,169.787
2335,у,169.787,169.867
2336,т,169.867,169.947
2337, ,169.947,170.187
2338,и,170.187,170.240
2339,л,170.240,170.294
2340,и,170.294,170.347
2341, ,170.347,170.427
2342,з,170.427,170.454
2343,а,170.454,170.480
2344,м,170.480,170.507
2345,е,170.507,170.587
2346,д,170.587,170.667
2347,л,170.667,170.747
2348,я,170.747,170.827
2349,ю,170.827,170.907
2350,т,170.907,170.987
2351, ,170.987,171.027
2352,в,171.027,171.067
2353,с,171.067,171.147
2354,ё,171.147,171.227
2355, ,171.227,171.267
2356,в,171.267,171.307
2357,м,171.307,171.367
2358,е,171.367,171.427
2359,с,171.427,171.487
2360,т,171.487,171.547
2361,о,171.547,171.587
2362, ,171.587,171.627
2363,т,171.627,171.707
2364,о,171.707,171.760
2365,г,171.760,171.814
2366,о,171.814,171.867
2367,",",171.867,171.907
2368, ,171.907,171.947
2369,ч,171.947,172.027
2370,т,172.027,172.107
2371,о,172.107,172.134
2372,б,172.134,172.160
2373,ы,172.160,172.187
2374, ,172.187,172.240
2375,п,172.240,172.294
2376,о,172.294,172.320
2377,м,172.320,172.347
2378,о,172.347,172.427
2379,г,172.427,172.507
2380,а,172.507,172.587
2381,т,172.587,172.667
2382,ь,172.667,172.747
2383,.,172.747,172.987
2384,"
",172.987,173.227
2385,В,173.227,173.307
2386,с,173.307,173.387
2387,е,173.387,173.440
2388,г,173.440,173.494
2389,о,173.494,173.547
2390, ,173.547,173.587
2391,в,173.587,173.627
2392, ,173.627,173.707
2393,C,173.707,173.787
2394,e,173.787,173.867
2395,l,173.867,173.947
2396,l,173.947,174.027
2397, ,174.027,174.187
2398,в,174.187,174.267
2399,о,174.267,174.347
2400,с,174.347,174.427
2401,е,174.427,174.447
2402,м,174.447,174.467
2403,ь,174.467,174.507
2404, ,174.507,174.587
2405,т,174.587,174.667
2406,а,174.667,174.707
2407,к,174.707,174.747
2408,и,174.747,174.787
2409,х,174.787,174.827
2410, ,174.827,174.907
2411,р,174.907,174.960
2412,а,174.960,175.014
2413,б,175.014,175.067
2414,о,175.067,175.147
2415,ч,175.147,175.227
2416,и,175.227,175.347
2417,х,175.347,175.467
2418,",",175.467,175.627
2419, ,175.627,175.707
2420,н,175.707,175.747
2421,о,175.747,175.787
2422, ,175.787,175.827
2423,д,175.827,175.867
2424,л,175.867,175.907
2425,я,175.907,175.947
2426, ,175.947,176.027
2427,и,176.027,176.107
2428,г,176.107,176.187
2429,р,176.187,176.267
2430, ,176.267,176.347
2431,д,176.347,176.427
2432,о,176.427,176.454
2433,с,176.454,176.480
2434,т,176.480,176.507
2435,у,176.507,176.587
2436,п,176.587,176.667
2437,н,176.667,176.707
2438,о,176.707,176.747
2439, ,176.747,176.827
2440,т,176.827,176.947
2441,о,176.947,176.971
2442,л,176.971,176.995
2443,ь,176.995,177.019
2444,к,177.019,177.043
2445,о,177.043,177.067
2446, ,177.067,177.227
2447,ш,177.227,177.267
2448,е,177.267,177.307
2449,с,177.307,177.387
2450,т,177.387,177.467
2451,ь,177.467,177.547
2452,:,177.547,177.947
2453, ,177.947,178.027
2454,о,178.027,178.067
2455,д,178.067,178.107
2456,и,178.107,178.147
2457,н,178.147,178.187
2458, ,178.187,178.267
2459,о,178.267,178.307
2460,т,178.307,178.347
2461,к,178.347,178.407
2462,л,178.407,178.467
2463,ю,178.467,178.527
2464,ч,178.527,178.587
2465,ё,178.587,178.667
2466,н,178.667,178.747
2467, ,178.747,178.827
2468,и,178.827,178.867
2469,з,178.867,178.907
2470,-,178.907,178.947
2471,з,178.947,178.967
2472,а,178.967,178.987
2473, ,178.987,179.067
2474,б,179.067,179.187
2475,р,179.187,179.227
2476,а,179.227,179.267
2477,к,179.267,179.307
2478,а,179.307,179.347
2479, ,179.347,179.387
2480,п,179.387,179.414
2481,р,179.414,179.440
2482,и,179.440,179.467
2483, ,179.467,179.547
2484,п,179.547,179.597
2485,р,179.597,179.647
2486,о,179.647,179.697
2487,и,179.697,179.747
2488,з,179.747,179.797
2489,в,179.797,179.847
2490,о,179.847,179.897
2491,д,179.897,179.947
2492,с,179.947,180.027
2493,т,180.027,180.107
2494,в,180.107,180.187
2495,е,180.187,180.267
2496,",",180.267,180.507
2497, ,180.507,180.587
2498,е,180.587,180.667
2499,щ,180.667,180.747
2500,ё,180.747,180.827
2501, ,180.827,180.907
2502,о,180.907,180.947
2503,д,180.947,180.987
2504,и,180.987,181.067
2505,н,181.067,181.147
2506, ,181.147,181.187
2507,з,181.187,181.227
2508,а,181.227,181.267
2509,р,181.267,181.307
2510,е,181.307,181.347
2511,з,181.347,181.387
2512,е,181.387,181.467
2513,р,181.467,181.547
2514,в,181.547,181.707
2515,и,181.707,181.734
2516,р,181.734,181.760
2517,о,181.760,181.787
2518,в,181.787,181.814
2519,а,181.814,181.840
2520,н,181.840,181.867
2521, ,181.867,181.947
2522,п,181.947,181.974
2523,о,181.974,182.000
2524,д,182.000,182.027
2525, ,182.027,182.107
2526,с,182.107,182.174
2527,и,182.174,182.240
2528,с,182.240,182.307
2529,т,182.307,182.374
2530,е,182.374,182.440
2531,м,182.440,182.507
2532,у,182.507,182.667
2533,.,182.667,182.907
2534, ,182.907,183.147
2535,Ч,183.147,183.227
2536,т,183.227,183.307
2537,о,183.307,183.334
2538,б,183.334,183.360
2539,ы,183.360,183.387
2540, ,183.387,183.467
2541,р,183.467,183.494
2542,а,183.494,183.520
2543,б,183.520,183.547
2544,о,183.547,183.627
2545,ч,183.627,183.707
2546,и,183.707,183.787
2547,е,183.787,183.867
2548, ,183.867,183.907
2549,н,183.907,183.927
2550,е,183.927,183.947
2551, ,183.947,183.987
2552,п,183.987,184.007
2553,р,184.007,184.027
2554,о,184.027,184.107
2555,с,184.107,184.187
2556,т,184.187,184.267
2557,а,184.267,184.347
2558,и,184.347,184.427
2559,в,184.427,184.507
2560,а,184.507,184.587
2561,л,184.587,184.667
2562,и,184.667,184.747
2563,",",184.747,184.907
2564, ,184.907,184.987
2565,д,184.987,185.147
2566,а,185.147,185.187
2567,н,185.187,185.227
2568,н,185.227,185.267
2569,ы,185.267,185.307
2570,е,185.307,185.387
2571, ,185.387,185.467
2572,п,185.467,185.547
2573,о,185.547,185.574
2574,д,185.574,185.600
2575,а,185.600,185.627
2576,ю,185.627,185.707
2577,т,185.707,185.787
2578, ,185.787,185.907
2579,п,185.907,185.947
2580,о,185.947,185.987
2581,р,185.987,186.027
2582,ц,186.027,186.107
2583,и,186.107,186.187
2584,я,186.187,186.267
2585,м,186.267,186.347
2586,и,186.347,186.427
2587, ,186.427,186.507
2588,и,186.507,186.587
2589, ,186.587,186.667
2590,з,186.667,186.747
2591,а,186.747,186.787
2592,р,186.787,186.827
2593,а,186.827,186.907
2594,н,186.907,186.987
2595,е,186.987,187.107
2596,е,187.107,187.227
2597,:,187.227,187.546
2598, ,187.546,187.626
2599,п,187.626,187.706
2600,о,187.706,187.733
2601,к,187.733,187.759
2602,а,187.759,187.786
2603, ,187.786,187.866
2604,о,187.866,187.906
2605,д,187.906,187.946
2606,и,187.946,187.986
2607,н,187.986,188.026
2608, ,188.026,188.106
2609,к,188.106,188.159
2610,у,188.159,188.213
2611,с,188.213,188.266
2612,о,188.266,188.306
2613,к,188.306,188.346
2614, ,188.346,188.426
2615,о,188.426,188.466
2616,б,188.466,188.506
2617,р,188.506,188.546
2618,а,188.546,188.586
2619,б,188.586,188.666
2620,а,188.666,188.706
2621,т,188.706,188.746
2622,ы,188.746,188.815
2623,в,188.815,188.883
2624,а,188.883,188.952
2625,е,188.952,189.020
2626,т,189.020,189.089
2627,с,189.089,189.157
2628,я,189.157,189.226
2629,",",189.226,189.386
2630, ,189.386,189.466
2631,с,189.466,189.526
2632,л,189.526,189.586
2633,е,189.586,189.646
2634,д,189.646,189.706
2635,у,189.706,189.759
2636,ю,189.759,189.813
2637,щ,189.813,189.866
2638,и,189.866,189.946
2639,й,189.946,190.026
2640, ,190.026,190.106
2641,у,190.106,190.186
2642,ж,190.186,190.266
2643,е,190.266,190.346
2644, ,190.346,190.506
2645,е,190.506,190.546
2646,д,190.546,190.586
2647,е,190.586,190.666
2648,т,190.666,190.746
2649, ,190.746,190.786
2650,к,190.786,190.826
2651, ,190.826,190.906
2652,н,190.906,190.933
2653,и,190.933,190.959
2654,м,190.959,190.986
2655, ,190.986,191.066
2656,п,191.066,191.106
2657,о,191.106,191.146
2658, ,191.146,191.226
2659,ш,191.226,191.306
2660,и,191.306,191.386
2661,н,191.386,191.466
2662,е,191.466,191.546
2663,.,191.546,191.746
2664, ,191.746,191.946
2665,А,191.946,192.026
2666, ,192.026,192.146
2667,г,192.146,192.176
2668,р,192.176,192.206
2669,а,192.206,192.236
2670,ф,192.236,192.266
2671,и,192.266,192.312
2672,ч,192.312,192.357
2673,е,192.357,192.403
2674,с,192.403,192.449
2675,к,192.449,192.495
2676,и,192.495,192.540
2677,й,192.540,192.586
2678, ,192.586,192.666
2679,п,192.666,192.719
2680,р,192.719,192.773
2681,о,192.773,192.826
2682,ц,192.826,192.946
2683,е,192.946,192.986
2684,с,192.986,193.026
2685,с,193.026,193.066
2686,о,193.066,193.106
2687,р,193.106,193.146
2688, ,193.146,193.306
2689,R,193.306,193.386
2690,S,193.386,193.626
2691,X,193.626,193.946
2692, ,193.946,194.106
2693,р,194.106,194.159
2694,о,194.159,194.213
2695,д,194.213,194.266
2696,о,194.266,194.306
2697,м,194.306,194.346
2698, ,194.346,194.426
2699,о,194.426,194.466
2700,т,194.466,194.506
2701, ,194.506,194.546
2702,в,194.546,194.586
2703,и,194.586,194.639
2704,д,194.639,194.693
2705,е,194.693,194.746
2706,о,194.746,194.826
2707,к,194.826,194.906
2708,а,194.906,194.959
2709,р,194.959,195.013
2710,т,195.013,195.066
2711, ,195.066,195.146
2712,N,195.146,195.306
2713,V,195.306,195.370
2714,I,195.370,195.434
2715,D,195.434,195.498
2716,I,195.498,195.562
2717,A,195.562,195.626
2718, ,195.626,195.706
2719,G,195.706,195.786
2720,e,195.786,195.866
2721,F,195.866,195.930
2722,o,195.930,195.994
2723,r,195.994,196.058
2724,c,196.058,196.122
2725,e,196.122,196.186
2726, ,196.186,196.266
2727,7,196.266,196.506
2728,8,196.506,196.826
2729,0,196.826,197.026
2730,0,197.026,197.386
2731,.,197.386,197.786
2732, ,197.786,197.866
2733,У,197.866,197.906
2734, ,197.906,197.946
2735,н,197.946,197.986
2736,е,197.986,198.026
2737,г,198.026,198.066
2738,о,198.066,198.106
2739, ,198.106,198.186
2740,с,198.186,198.226
2741,в,198.226,198.266
2742,о,198.266,198.346
2743,я,198.346,198.426
2744, ,198.426,198.586
2745,с,198.586,198.639
2746,о,198.639,198.693
2747,б,198.693,198.746
2748,с,198.746,198.773
2749,т,198.773,198.799
2750,в,198.799,198.826
2751,е,198.826,198.890
2752,н,198.890,198.954
2753,н,198.954,199.018
2754,а,199.018,199.082
2755,я,199.082,199.146
2756, ,199.146,199.226
2757,п,199.226,199.306
2758,а,199.306,199.346
2759,м,199.346,199.386
2760,я,199.386,199.466
2761,т,199.466,199.546
2762,ь,199.546,199.626
2763,",",199.626,199.706
2764, ,199.706,199.786
2765,и,199.786,199.826
2766, ,199.826,199.866
2767,п,199.866,199.893
2768,е,199.893,199.919
2769,р,199.919,199.946
2770,е,199.946,200.026
2771,к,200.026,200.106
2772,л,200.106,200.159
2773,а,200.159,200.213
2774,д,200.213,200.266
2775,ы,200.266,200.298
2776,в,200.298,200.330
2777,а,200.330,200.362
2778,т,200.362,200.394
2779,ь,200.394,200.426
2780, ,200.426,200.506
2781,д,200.506,200.666
2782,а,200.666,200.706
2783,н,200.706,200.746
2784,н,200.746,200.786
2785,ы,200.786,200.826
2786,е,200.826,200.866
2787, ,200.866,200.906
2788,м,200.906,200.954
2789,е,200.954,201.002
2790,ж,201.002,201.050
2791,д,201.050,201.098
2792,у,201.098,201.146
2793, ,201.146,201.226
2794,п,201.226,201.306
2795,а,201.306,201.346
2796,м,201.346,201.386
2797,я,201.386,201.439
2798,т,201.439,201.493
2799,ь,201.493,201.546
2800,ю,201.546,201.626
2801, ,201.626,201.706
2802,п,201.706,201.733
2803,р,201.733,201.759
2804,о,201.759,201.786
2805,ц,201.786,201.866
2806,е,201.866,201.946
2807,с,201.946,202.026
2808,с,202.026,202.106
2809,о,202.106,202.186
2810,р,202.186,202.266
2811,а,202.266,202.346
2812, ,202.346,202.386
2813,и,202.386,202.426
2814, ,202.426,202.506
2815,в,202.506,202.586
2816,и,202.586,202.639
2817,д,202.639,202.693
2818,е,202.693,202.746
2819,о,202.746,202.826
2820,п,202.826,202.906
2821,а,202.906,202.986
2822,м,202.986,203.066
2823,я,203.066,203.146
2824,т,203.146,203.226
2825,ь,203.226,203.306
2826,ю,203.306,203.386
2827, ,203.386,203.626
2828,м,203.626,203.706
2829,е,203.706,203.786
2830,д,203.786,203.866
2831,л,203.866,203.919
2832,е,203.919,203.973
2833,н,203.973,204.026
2834,н,204.026,204.146
2835,о,204.146,204.266
2836, ,204.266,204.306
2837,и,204.306,204.346
2838, ,204.346,204.426
2839,д,204.426,204.506
2840,о,204.506,204.586
2841,р,204.586,204.666
2842,о,204.666,204.746
2843,г,204.746,204.826
2844,о,204.826,204.906
2845,.,204.906,205.226
2846, ,205.226,205.266
2847,П,205.266,205.286
2848,о,205.286,205.306
2849,э,205.306,205.370
2850,т,205.370,205.434
2851,о,205.434,205.498
2852,м,205.498,205.562
2853,у,205.562,205.626
2854, ,205.626,205.706
2855,л,205.706,205.746
2856,и,205.746,205.786
2857,ш,205.786,205.866
2858,н,205.866,205.919
2859,и,205.919,205.973
2860,й,205.973,206.026
2861, ,206.026,206.146
2862,р,206.146,206.186
2863,а,206.186,206.226
2864,з,206.226,206.266
2865, ,206.266,206.346
2866,н,206.346,206.426
2867,и,206.426,206.506
2868,ч,206.506,206.586
2869,е,206.586,206.666
2870,г,206.666,206.746
2871,о,206.746,206.826
2872, ,206.826,206.906
2873,п,206.906,206.933
2874,е,206.933,206.959
2875,р,206.959,206.986
2876,е,206.986,207.066
2877,к,207.066,207.146
2878,л,207.146,207.199
2879,а,207.199,207.253
2880,д,207.253,207.306
2881,ы,207.306,207.354
2882,в,207.354,207.401
2883,а,207.401,207.449
2884,т,207.449,207.497
2885,ь,207.497,207.545
2886, ,207.545,207.625
2887,н,207.625,207.705
2888,е,207.705,207.732
2889,л,207.732,207.758
2890,ь,207.758,207.785
2891,з,207.785,207.865
2892,я,207.865,207.945
2893,.,207.945,208.265
2894,"
",208.265,208.265
2895,Д,208.290,208.450
2896,а,208.450,208.503
2897,л,208.503,208.557
2898,ь,208.557,208.610
2899,ш,208.610,208.730
2900,е,208.730,208.850
2901, ,208.850,209.010
2902,—,209.010,209.050
2903, ,209.050,209.090
2904,п,209.090,209.130
2905,р,209.130,209.170
2906,и,209.170,209.210
2907,в,209.210,209.250
2908,о,209.250,209.330
2909,д,209.330,209.410
2910, ,209.410,209.490
2911,B,209.490,209.530
2912,l,209.530,209.570
2913,u,209.570,209.770
2914,-,209.770,209.820
2915,r,209.820,209.870
2916,a,209.870,209.920
2917,y,209.920,209.970
2918,",",209.970,210.130
2919, ,210.130,210.170
2920,к,210.170,210.210
2921,о,210.210,210.250
2922,т,210.250,210.290
2923,о,210.290,210.330
2924,р,210.330,210.370
2925,ы,210.370,210.410
2926,й,210.410,210.450
2927, ,210.450,210.570
2928,ч,210.570,210.610
2929,и,210.610,210.650
2930,т,210.650,210.690
2931,а,210.690,210.730
2932,л,210.730,210.770
2933, ,210.770,210.850
2934,д,210.850,210.930
2935,а,210.930,210.990
2936,н,210.990,211.050
2937,н,211.050,211.110
2938,ы,211.110,211.170
2939,е,211.170,211.210
2940, ,211.210,211.250
2941,в,211.250,211.330
2942,с,211.330,211.410
2943,е,211.410,211.463
2944,г,211.463,211.517
2945,о,211.517,211.570
2946, ,211.570,211.650
2947,о,211.650,211.730
2948,к,211.730,211.810
2949,о,211.810,211.850
2950,л,211.850,211.890
2951,о,211.890,211.970
2952, ,211.970,212.050
2953,9,212.050,212.370
2954, ,212.370,212.530
2955,М,212.530,212.730
2956,Б,212.730,212.930
2957, ,212.930,212.970
2958,в,212.970,213.010
2959, ,213.010,213.050
2960,с,213.050,213.090
2961,е,213.090,213.170
2962,к,213.170,213.250
2963,у,213.250,213.290
2964,н,213.290,213.330
2965,д,213.330,213.450
2966,у,213.450,213.570
2967,",",213.570,213.970
2968, ,213.970,214.010
2969,т,214.010,214.030
2970,о,214.030,214.050
2971, ,214.050,214.130
2972,е,214.130,214.150
2973,с,214.150,214.170
2974,т,214.170,214.190
2975,ь,214.190,214.210
2976, ,214.210,214.290
2977,п,214.290,214.410
2978,о,214.410,214.440
2979,л,214.440,214.470
2980,у,214.470,214.500
2981,ч,214.500,214.530
2982,а,214.530,214.583
2983,т,214.583,214.637
2984,ь,214.637,214.690
2985, ,214.690,214.730
2986,д,214.730,214.770
2987,а,214.770,214.830
2988,н,214.830,214.890
2989,н,214.890,214.950
2990,ы,214.950,215.010
2991,е,215.010,215.050
2992, ,215.050,215.090
2993,с,215.090,215.170
2994, ,215.170,215.210
2995,д,215.210,215.250
2996,и,215.250,215.330
2997,с,215.330,215.410
2998,к,215.410,215.490
2999,а,215.490,215.570
3000, ,215.570,215.610
3001,б,215.610,215.630
3002,ы,215.630,215.650
3003,л,215.650,215.730
3004,о,215.730,215.810
3005, ,215.810,215.890
3006,д,215.890,215.943
3007,о,215.943,215.997
3008,в,215.997,216.050
3009,о,216.050,216.077
3010,л,216.077,216.103
3011,ь,216.103,216.130
3012,н,216.130,216.170
3013,о,216.170,216.210
3014, ,216.210,216.290
3015,м,216.290,216.343
3016,е,216.343,216.397
3017,д,216.397,216.450
3018,л,216.450,216.503
3019,е,216.503,216.557
3020,н,216.557,216.610
3021,н,216.610,216.690
3022,о,216.690,216.770
3023,.,216.770,216.850
3024, ,216.850,217.329
3025,И,217.329,217.409
3026, ,217.409,217.569
3027,т,217.569,217.649
3028,у,217.649,217.729
3029,т,217.729,217.809
3030, ,217.809,217.929
3031,н,217.929,217.969
3032,а,217.969,218.009
3033,ч,218.009,218.049
3034,а,218.049,218.097
3035,л,218.097,218.145
3036,и,218.145,218.193
3037,с,218.193,218.241
3038,ь,218.241,218.289
3039, ,218.289,218.449
3040,с,218.449,218.489
3041,л,218.489,218.529
3042,о,218.529,218.569
3043,ж,218.569,218.609
3044,н,218.609,218.689
3045,о,218.689,218.769
3046,с,218.769,218.849
3047,т,218.849,218.929
3048,и,218.929,219.009
3049,",",219.009,219.249
3050, ,219.249,219.449
3051,о,219.449,219.499
3052,с,219.499,219.549
3053,о,219.549,219.599
3054,б,219.599,219.649
3055,е,219.649,219.689
3056,н,219.689,219.729
3057,н,219.729,219.769
3058,о,219.769,219.809
3059, ,219.809,219.889
3060,д,219.889,219.929
3061,л,219.929,219.949
3062,я,219.949,219.969
3063, ,219.969,220.129
3064,о,220.129,220.209
3065,г,220.209,220.289
3066,р,220.289,220.369
3067,о,220.369,220.449
3068,м,220.449,220.529
3069,н,220.529,220.589
3070,о,220.589,220.649
3071,г,220.649,220.709
3072,о,220.709,220.769
3073, ,220.769,220.849
3074,о,220.849,220.929
3075,т,220.929,221.009
3076,к,221.009,221.069
3077,р,221.069,221.129
3078,ы,221.129,221.189
3079,т,221.189,221.249
3080,о,221.249,221.302
3081,г,221.302,221.356
3082,о,221.356,221.409
3083, ,221.409,221.489
3084,м,221.489,221.529
3085,и,221.529,221.569
3086,р,221.569,221.609
3087,а,221.609,221.649
3088, ,221.649,221.729
3089,в,221.729,221.809
3090,р,221.809,221.862
3091,о,221.862,221.916
3092,д,221.916,221.969
3093,е,221.969,222.009
3094, ,222.009,222.049
3095,G,222.049,222.209
3096,T,222.209,222.289
3097,A,222.289,222.449
3098, ,222.449,222.529
3099,5,222.529,222.849
3100,.,222.849,222.929
3101, ,222.929,223.409
3102,R,223.409,223.469
3103,o,223.469,223.529
3104,c,223.529,223.589
3105,k,223.589,223.649
3106,s,223.649,223.689
3107,t,223.689,223.729
3108,a,223.729,223.769
3109,r,223.769,223.809
3110, ,223.809,223.889
3111,п,223.889,223.942
3112,р,223.942,223.996
3113,и,223.996,224.049
3114,ш,224.049,224.169
3115,л,224.169,224.199
3116,о,224.199,224.229
3117,с,224.229,224.259
3118,ь,224.259,224.289
3119, ,224.289,224.369
3120,п,224.369,224.409
3121,р,224.409,224.449
3122,о,224.449,224.489
3123,я,224.489,224.529
3124,в,224.529,224.609
3125,и,224.609,224.636
3126,т,224.636,224.662
3127,ь,224.662,224.689
3128, ,224.689,224.769
3129,и,224.769,224.809
3130,з,224.809,224.849
3131,о,224.849,224.902
3132,б,224.902,224.956
3133,р,224.956,225.009
3134,е,225.009,225.089
3135,т,225.089,225.169
3136,а,225.169,225.217
3137,т,225.217,225.265
3138,е,225.265,225.313
3139,л,225.313,225.361
3140,ь,225.361,225.409
3141,н,225.409,225.473
3142,о,225.473,225.537
3143,с,225.537,225.601
3144,т,225.601,225.665
3145,ь,225.665,225.729
3146,:,225.729,226.049
3147, ,226.049,226.209
3148,р,226.209,226.241
3149,а,226.241,226.273
3150,б,226.273,226.305
3151,о,226.305,226.337
3152,т,226.337,226.369
3153,у,226.369,226.449
3154, ,226.449,226.529
3155,п,226.529,226.556
3156,о,226.556,226.582
3157,д,226.582,226.609
3158,е,226.609,226.662
3159,л,226.662,226.716
3160,и,226.716,226.769
3161,л,226.769,226.809
3162,и,226.809,226.849
3163, ,226.849,226.929
3164,м,226.929,226.977
3165,е,226.977,227.025
3166,ж,227.025,227.073
3167,д,227.073,227.121
3168,у,227.121,227.169
3169, ,227.169,227.249
3170,ж,227.249,227.329
3171,ё,227.329,227.409
3172,с,227.409,227.449
3173,т,227.449,227.489
3174,к,227.489,227.569
3175,и,227.569,227.609
3176,м,227.609,227.649
3177, ,227.649,227.809
3178,д,227.809,227.929
3179,и,227.929,227.969
3180,с,227.969,228.009
3181,к,228.009,228.049
3182,о,228.049,228.129
3183,м,228.129,228.209
3184, ,228.209,228.369
3185,и,228.369,228.449
3186, ,228.449,228.529
3187,д,228.529,228.649
3188,и,228.649,228.689
3189,с,228.689,228.729
3190,к,228.729,228.769
3191,о,228.769,228.809
3192,м,228.809,228.849
3193, ,228.849,228.929
3194,с,228.929,228.969
3195, ,228.969,229.009
3196,и,229.009,229.049
3197,г,229.049,229.089
3198,р,229.089,229.169
3199,о,229.169,229.289
3200,й,229.289,229.409
3201,.,229.409,229.649
3202, ,229.649,229.889
3203,Т,229.889,229.969
3204,я,229.969,230.049
3205,ж,230.049,230.089
3206,ё,230.089,230.129
3207,л,230.129,230.209
3208,ы,230.209,230.289
3209,е,230.289,230.369
3210, ,230.369,230.529
3211,в,230.529,230.582
3212,е,230.582,230.636
3213,щ,230.636,230.689
3214,и,230.689,230.769
3215,",",230.769,230.796
3216, ,230.796,230.822
3217,в,230.822,230.849
3218,р,230.849,230.902
3219,о,230.902,230.956
3220,д,230.956,231.009
3221,е,231.009,231.089
3222, ,231.089,231.169
3223,3,231.169,231.329
3224,D,231.329,231.409
3225,-,231.409,231.449
3226,м,231.449,231.489
3227,о,231.489,231.569
3228,д,231.569,231.649
3229,е,231.649,231.689
3230,л,231.689,231.729
3231,е,231.729,231.809
3232,й,231.809,231.889
3233, ,231.889,231.969
3234,и,231.969,232.009
3235, ,232.009,232.049
3236,т,232.049,232.102
3237,е,232.102,232.156
3238,к,232.156,232.209
3239,с,232.209,232.289
3240,т,232.289,232.369
3241,у,232.369,232.409
3242,р,232.409,232.449
3243,",",232.449,232.769
3244, ,232.769,232.849
3245,ч,232.849,232.876
3246,и,232.876,232.902
3247,т,232.902,232.929
3248,а,232.929,232.993
3249,л,232.993,233.057
3250,и,233.057,233.121
3251,с,233.121,233.185
3252,ь,233.185,233.249
3253, ,233.249,233.329
3254,с,233.329,233.409
3255, ,233.409,233.489
3256,ж,233.489,233.529
3257,ё,233.529,233.569
3258,с,233.569,233.649
3259,т,233.649,233.729
3260,к,233.729,233.809
3261,о,233.809,233.836
3262,г,233.836,233.862
3263,о,233.862,233.889
3264, ,233.889,233.969
3265,д,233.969,234.049
3266,и,234.049,234.089
3267,с,234.089,234.129
3268,к,234.129,234.249
3269,а,234.249,234.369
3270,",",234.369,234.609
3271, ,234.609,234.689
3272,а,234.689,234.769
3273, ,234.769,234.849
3274,м,234.849,234.929
3275,е,234.929,235.009
3276,л,235.009,235.089
3277,к,235.089,235.142
3278,и,235.142,235.196
3279,е,235.196,235.249
3280,",",235.249,235.329
3281, ,235.329,235.369
3282,в,235.369,235.409
3283,р,235.409,235.462
3284,о,235.462,235.516
3285,д,235.516,235.569
3286,е,235.569,235.649
3287, ,235.649,235.729
3288,з,235.729,235.789
3289,в,235.789,235.849
3290,у,235.849,235.909
3291,к,235.909,235.969
3292,о,235.969,236.049
3293,в,236.049,236.129
3294, ,236.129,236.169
3295,и,236.169,236.209
3296, ,236.209,236.289
3297,а,236.289,236.316
3298,н,236.316,236.342
3299,и,236.342,236.369
3300,м,236.369,236.449
3301,а,236.449,236.556
3302,ц,236.556,236.662
3303,и,236.662,236.769
3304,й,236.769,236.849
3305,",",236.849,236.929
3306, ,236.929,237.009
3307,—,237.009,237.036
3308, ,237.036,237.061
3309,с,237.061,237.088
3310, ,237.088,237.128
3311,B,237.128,237.148
3312,l,237.148,237.168
3313,u,237.168,237.248
3314,-,237.248,237.328
3315,r,237.328,237.408
3316,a,237.408,237.488
3317,y,237.488,237.568
3318,.,237.568,237.808
3319, ,237.808,238.048
3320,Э,238.048,238.128
3321,т,238.128,238.168
3322,о,238.168,238.208
3323, ,238.208,238.288
3324,к,238.288,238.368
3325,а,238.368,238.408
3326,к,238.408,238.448
3327, ,238.448,238.528
3328,н,238.528,238.608
3329,а,238.608,238.648
3330,п,238.648,238.688
3331,о,238.688,238.728
3332,л,238.728,238.768
3333,н,238.768,238.828
3334,я,238.828,238.888
3335,т,238.888,238.948
3336,ь,238.948,239.008
3337, ,239.008,239.088
3338,в,239.088,239.115
3339,е,239.115,239.141
3340,д,239.141,239.168
3341,р,239.168,239.208
3342,о,239.208,239.248
3343, ,239.248,239.328
3344,в,239.328,239.408
3345,о,239.408,239.488
3346,д,239.488,239.568
3347,о,239.568,239.608
3348,й,239.608,239.648
3349, ,239.648,239.728
3350,и,239.728,239.808
3351,з,239.808,239.888
3352, ,239.888,239.928
3353,д,239.928,239.948
3354,в,239.948,239.968
3355,у,239.968,240.048
3356,х,240.048,240.128
3357, ,240.128,240.208
3358,к,240.208,240.328
3359,р,240.328,240.368
3360,а,240.368,240.408
3361,н,240.408,240.448
3362,о,240.448,240.568
3363,в,240.568,240.688
3364,",",240.688,240.768
3365, ,240.768,240.848
3366,п,240.848,240.875
3367,о,240.875,240.901
3368,т,240.901,240.928
3369,о,240.928,240.981
3370,м,240.981,241.035
3371,у,241.035,241.088
3372, ,241.088,241.168
3373,ч,241.168,241.195
3374,т,241.195,241.221
3375,о,241.221,241.248
3376, ,241.248,241.328
3377,о,241.328,241.368
3378,д,241.368,241.408
3379,и,241.408,241.488
3380,н,241.488,241.568
3381, ,241.568,241.728
3382,с,241.728,241.781
3383,л,241.781,241.835
3384,и,241.835,241.888
3385,ш,241.888,241.968
3386,к,241.968,241.995
3387,о,241.995,242.021
3388,м,242.021,242.048
3389, ,242.048,242.128
3390,с,242.128,242.208
3391,л,242.208,242.288
3392,а,242.288,242.368
3393,б,242.368,242.448
3394,ы,242.448,242.528
3395,й,242.528,242.608
3396,.,242.608,242.848
3397,"
",242.848,243.088
3398,П,243.088,243.168
3399,о,243.168,243.248
3400,э,243.248,243.296
3401,т,243.296,243.344
3402,о,243.344,243.392
3403,м,243.392,243.440
3404,у,243.440,243.488
3405, ,243.488,243.528
3406,н,243.528,243.548
3407,а,243.548,243.568
3408, ,243.568,243.648
3409,P,243.648,243.728
3410,S,243.728,243.888
3411,3,243.888,244.048
3412, ,244.048,244.208
3413,и,244.208,244.288
3414,г,244.288,244.368
3415,р,244.368,244.448
3416,е,244.448,244.528
3417, ,244.528,244.568
3418,т,244.568,244.608
3419,р,244.608,244.661
3420,е,244.661,244.715
3421,б,244.715,244.768
3422,о,244.768,244.808
3423,в,244.808,244.848
3424,а,244.848,244.888
3425,л,244.888,244.928
3426,а,244.928,244.968
3427,с,244.968,245.008
3428,ь,245.008,245.088
3429, ,245.088,245.168
3430,о,245.168,245.248
3431,б,245.248,245.328
3432,я,245.328,245.408
3433,з,245.408,245.488
3434,а,245.488,245.536
3435,т,245.536,245.584
3436,е,245.584,245.632
3437,л,245.632,245.680
3438,ь,245.680,245.728
3439,н,245.728,245.781
3440,а,245.781,245.835
3441,я,245.835,245.888
3442, ,245.888,245.928
3443,у,245.928,245.968
3444,с,245.968,246.035
3445,т,246.035,246.101
3446,а,246.101,246.168
3447,н,246.168,246.235
3448,о,246.235,246.301
3449,в,246.301,246.368
3450,к,246.368,246.408
3451,а,246.408,246.448
3452, ,246.448,246.528
3453,п,246.528,246.568
3454,р,246.568,246.608
3455,и,246.608,246.668
3456,м,246.668,246.728
3457,е,246.728,246.788
3458,р,246.788,246.848
3459,н,246.848,246.888
3460,о,246.888,246.928
3461, ,246.928,247.008
3462,н,247.008,247.048
3463,а,247.048,247.088
3464, ,247.088,247.168
3465,8,247.168,247.528
3466, ,247.528,247.568
3467,Г,247.568,247.808
3468,Б,247.808,248.208
3469,:,248.208,248.608
3470, ,248.608,248.688
3471,ч,248.688,248.728
3472,а,248.728,248.768
3473,с,248.768,248.821
3474,т,248.821,248.875
3475,ь,248.875,248.928
3476, ,248.928,249.008
3477,д,249.008,249.128
3478,а,249.128,249.158
3479,н,249.158,249.188
3480,н,249.188,249.218
3481,ы,249.218,249.248
3482,х,249.248,249.328
3483, ,249.328,249.368
3484,з,249.368,249.408
3485,а,249.408,249.488
3486,р,249.488,249.568
3487,а,249.568,249.648
3488,н,249.648,249.728
3489,е,249.728,249.768
3490,е,249.768,249.808
3491, ,249.808,249.888
3492,п,249.888,249.915
3493,е,249.915,249.941
3494,р,249.941,249.968
3495,е,249.968,250.048
3496,е,250.048,250.128
3497,з,250.128,250.208
3498,ж,250.208,250.288
3499,а,250.288,250.315
3500,л,250.315,250.341
3501,а,250.341,250.368
3502, ,250.368,250.448
3503,н,250.448,250.488
3504,а,250.488,250.528
3505, ,250.528,250.568
3506,ж,250.568,250.608
3507,ё,250.608,250.688
3508,с,250.688,250.728
3509,т,250.728,250.768
3510,к,250.768,250.821
3511,и,250.821,250.875
3512,й,250.875,250.928
3513, ,250.928,250.968
3514,д,250.968,251.008
3515,и,251.008,251.088
3516,с,251.088,251.168
3517,к,251.168,251.248
3518,",",251.248,251.328
3519, ,251.328,251.368
3520,ч,251.368,251.408
3521,т,251.408,251.528
3522,о,251.528,251.568
3523,б,251.568,251.608
3524,ы,251.608,251.648
3525, ,251.648,251.728
3526,п,251.728,251.755
3527,о,251.755,251.781
3528,т,251.781,251.808
3529,о,251.808,251.848
3530,м,251.848,251.888
3531, ,251.888,251.968
3532,ч,251.968,252.021
3533,и,252.021,252.075
3534,т,252.075,252.128
3535,а,252.128,252.176
3536,т,252.176,252.224
3537,ь,252.224,252.272
3538,с,252.272,252.320
3539,я,252.320,252.368
3540, ,252.368,252.448
3541,б,252.448,252.488
3542,ы,252.488,252.528
3543,с,252.528,252.608
3544,т,252.608,252.688
3545,р,252.688,252.768
3546,е,252.768,252.848
3547,е,252.848,252.928
3548,",",252.928,252.968
3549, ,252.968,253.008
3550,ч,253.008,253.035
3551,е,253.035,253.061
3552,м,253.061,253.088
3553, ,253.088,253.168
3554,с,253.168,253.248
3555, ,253.248,253.288
3556,д,253.288,253.328
3557,и,253.328,253.408
3558,с,253.408,253.488
3559,к,253.488,253.568
3560,а,253.568,253.648
3561,.,253.648,253.728
3562,"
",253.728,254.288
3563,П,254.288,254.368
3564,о,254.368,254.408
3565,т,254.408,254.448
3566,о,254.448,254.528
3567,м,254.528,254.608
3568, ,254.608,254.688
3569,в,254.688,254.715
3570,о,254.715,254.741
3571,з,254.741,254.768
3572,н,254.768,254.821
3573,и,254.821,254.875
3574,к,254.875,254.928
3575,л,254.928,255.008
3576,а,255.008,255.088
3577, ,255.088,255.208
3578,е,255.208,255.268
3579,щ,255.268,255.328
3580,ё,255.328,255.408
3581, ,255.408,255.488
3582,о,255.488,255.528
3583,д,255.528,255.568
3584,н,255.568,255.608
3585,а,255.608,255.648
3586, ,255.648,255.728
3587,п,255.728,255.768
3588,р,255.768,255.808
3589,о,255.808,255.848
3590,б,255.848,255.888
3591,л,255.888,255.968
3592,е,255.968,256.048
3593,м,256.048,256.128
3594,а,256.128,256.208
3595, ,256.208,256.528
3596,—,256.528,256.568
3597, ,256.568,256.608
3598,п,256.608,256.688
3599,а,256.688,256.768
3600,м,256.768,256.848
3601,я,256.848,256.928
3602,т,256.928,257.007
3603,ь,257.007,257.087
3604,.,257.087,257.167
3605, ,257.167,257.567
3606,Д,257.567,257.647
3607,л,257.647,257.687
3608,я,257.687,257.727
3609, ,257.727,257.807
3610,н,257.807,257.847
3611,е,257.847,257.887
3612,ё,257.887,258.047
3613, ,258.047,258.127
3614,п,258.127,258.154
3615,р,258.154,258.180
3616,и,258.180,258.207
3617,д,258.207,258.234
3618,у,258.234,258.260
3619,м,258.260,258.287
3620,а,258.287,258.367
3621,л,258.367,258.447
3622,и,258.447,258.527
3623, ,258.527,258.607
3624,о,258.607,258.727
3625,ч,258.727,258.847
3626,е,258.847,258.874
3627,н,258.874,258.900
3628,ь,258.900,258.927
3629, ,258.927,259.007
3630,с,259.007,259.060
3631,т,259.060,259.114
3632,р,259.114,259.167
3633,о,259.167,259.247
3634,г,259.247,259.327
3635,у,259.327,259.367
3636,ю,259.367,259.407
3637, ,259.407,259.487
3638,с,259.487,259.567
3639,и,259.567,259.647
3640,с,259.647,259.727
3641,т,259.727,259.807
3642,е,259.807,259.887
3643,м,259.887,259.967
3644,у,259.967,260.047
3645,:,260.047,260.447
3646, ,260.447,260.527
3647,в,260.527,260.607
3648,с,260.607,260.687
3649,я,260.687,260.767
3650, ,260.767,260.927
3651,п,260.927,261.007
3652,а,261.007,261.047
3653,м,261.047,261.087
3654,я,261.087,261.140
3655,т,261.140,261.194
3656,ь,261.194,261.247
3657, ,261.247,261.327
3658,п,261.327,261.354
3659,о,261.354,261.380
3660,д,261.380,261.407
3661,е,261.407,261.447
3662,л,261.447,261.487
3663,е,261.487,261.567
3664,н,261.567,261.647
3665,а,261.647,261.727
3666, ,261.727,261.807
3667,н,261.807,261.847
3668,а,261.847,261.887
3669, ,261.887,261.967
3670,о,261.967,262.047
3671,т,262.047,262.127
3672,д,262.127,262.187
3673,е,262.187,262.247
3674,л,262.247,262.307
3675,ь,262.307,262.367
3676,н,262.367,262.447
3677,ы,262.447,262.527
3678,е,262.527,262.607
3679, ,262.607,262.687
3680,о,262.687,262.767
3681,б,262.767,262.847
3682,л,262.847,262.887
3683,а,262.887,262.927
3684,с,262.927,263.034
3685,т,263.034,263.140
3686,и,263.140,263.247
3687,.,263.247,263.447
3688, ,263.447,263.647
3689,К,263.647,263.700
3690,а,263.700,263.754
3691,к,263.754,263.807
3692, ,263.807,263.887
3693,о,263.887,263.967
3694,т,263.967,264.047
3695,д,264.047,264.087
3696,е,264.087,264.127
3697,л,264.127,264.167
3698,ь,264.167,264.207
3699,н,264.207,264.260
3700,ы,264.260,264.314
3701,е,264.314,264.367
3702, ,264.367,264.447
3703,к,264.447,264.474
3704,о,264.474,264.500
3705,р,264.500,264.527
3706,о,264.527,264.607
3707,б,264.607,264.687
3708,к,264.687,264.807
3709,и,264.807,264.927
3710,:,264.927,265.247
3711, ,265.247,265.327
3712,о,265.327,265.407
3713,д,265.407,265.487
3714,н,265.487,265.527
3715,а,265.527,265.567
3716, ,265.567,265.647
3717,т,265.647,265.767
3718,о,265.767,265.791
3719,л,265.791,265.815
3720,ь,265.815,265.839
3721,к,265.839,265.863
3722,о,265.863,265.887
3723, ,265.887,265.927
3724,д,265.927,265.967
3725,л,265.967,265.987
3726,я,265.987,266.007
3727, ,266.007,266.047
3728,м,266.047,266.167
3729,а,266.167,266.227
3730,ш,266.227,266.287
3731,и,266.287,266.407
3732,н,266.407,266.527
3733,",",266.527,266.687
3734, ,266.687,266.767
3735,о,266.767,266.807
3736,д,266.807,266.847
3737,н,266.847,266.927
3738,а,266.927,267.007
3739, ,267.007,267.087
3740,т,267.087,267.167
3741,о,267.167,267.183
3742,л,267.183,267.199
3743,ь,267.199,267.215
3744,к,267.215,267.231
3745,о,267.231,267.247
3746, ,267.247,267.327
3747,д,267.327,267.367
3748,л,267.367,267.387
3749,я,267.387,267.407
3750, ,267.407,267.487
3751,л,267.487,267.527
3752,ю,267.527,267.567
3753,д,267.567,267.674
3754,е,267.674,267.780
3755,й,267.780,267.887
3756,",",267.887,268.127
3757, ,268.127,268.247
3758,о,268.247,268.307
3759,д,268.307,268.367
3760,н,268.367,268.447
3761,а,268.447,268.527
3762, ,268.527,268.607
3763,т,268.607,268.687
3764,о,268.687,268.703
3765,л,268.703,268.719
3766,ь,268.719,268.735
3767,к,268.735,268.751
3768,о,268.751,268.767
3769, ,268.767,268.847
3770,д,268.847,268.887
3771,л,268.887,268.907
3772,я,268.907,268.927
3773, ,268.927,269.007
3774,з,269.007,269.087
3775,д,269.087,269.167
3776,а,269.167,269.247
3777,н,269.247,269.327
3778,и,269.327,269.407
3779,й,269.407,269.487
3780,.,269.487,269.567
3781, ,269.567,270.047
3782,Е,270.047,270.127
3783,с,270.127,270.180
3784,л,270.180,270.234
3785,и,270.234,270.287
3786, ,270.287,270.367
3787,в,270.367,270.407
3788,ы,270.407,270.447
3789, ,270.447,270.527
3790,п,270.527,270.554
3791,р,270.554,270.580
3792,и,270.580,270.607
3793,х,270.607,270.660
3794,о,270.660,270.714
3795,д,270.714,270.767
3796,и,270.767,270.820
3797,т,270.820,270.874
3798,е,270.874,270.927
3799, ,270.927,271.007
3800,в,271.007,271.047
3801, ,271.047,271.087
3802,р,271.087,271.114
3803,а,271.114,271.140
3804,й,271.140,271.167
3805,о,271.167,271.247
3806,н,271.247,271.327
3807,",",271.327,271.367
3808, ,271.367,271.407
3809,г,271.407,271.487
3810,д,271.487,271.527
3811,е,271.527,271.567
3812, ,271.567,271.687
3813,з,271.687,271.747
3814,д,271.747,271.807
3815,а,271.807,271.860
3816,н,271.860,271.914
3817,и,271.914,271.967
3818,й,271.967,272.047
3819, ,272.047,272.207
3820,н,272.207,272.260
3821,е,272.260,272.314
3822,т,272.314,272.367
3823,",",272.367,272.607
3824, ,272.607,272.687
3825,э,272.687,272.767
3826,т,272.767,272.807
3827,а,272.807,272.847
3828, ,272.847,272.927
3829,к,272.927,272.954
3830,о,272.954,272.980
3831,р,272.980,273.007
3832,о,273.007,273.087
3833,б,273.087,273.167
3834,к,273.167,273.247
3835,а,273.247,273.327
3836, ,273.327,273.367
3837,м,273.367,273.407
3838,г,273.407,273.487
3839,н,273.487,273.567
3840,о,273.567,273.647
3841,в,273.647,273.727
3842,е,273.727,273.787
3843,н,273.787,273.847
3844,н,273.847,273.907
3845,о,273.907,273.967
3846, ,273.967,274.047
3847,в,274.047,274.087
3848,ы,274.087,274.127
3849,б,274.127,274.247
3850,р,274.247,274.287
3851,а,274.287,274.327
3852,с,274.327,274.367
3853,ы,274.367,274.436
3854,в,274.436,274.504
3855,а,274.504,274.573
3856,е,274.573,274.641
3857,т,274.641,274.710
3858,с,274.710,274.778
3859,я,274.778,274.847
3860,.,274.847,275.007
3861,"
",275.007,275.007
3862,Е,275.160,275.320
3863,с,275.320,275.400
3864,т,275.400,275.480
3865,ь,275.480,275.560
3866, ,275.560,275.600
3867,и,275.600,275.640
3868, ,275.640,275.720
3869,е,275.720,275.800
3870,щ,275.800,275.880
3871,ё,275.880,275.960
3872, ,275.960,276.040
3873,о,276.040,276.080
3874,д,276.080,276.120
3875,и,276.120,276.160
3876,н,276.160,276.200
3877, ,276.200,276.280
3878,п,276.280,276.333
3879,р,276.333,276.387
3880,и,276.387,276.440
3881,ё,276.440,276.560
3882,м,276.560,276.680
3883, ,276.680,277.080
3884,—,277.080,277.107
3885, ,277.107,277.133
3886,у,277.133,277.160
3887,р,277.160,277.213
3888,о,277.213,277.267
3889,в,277.267,277.320
3890,н,277.320,277.400
3891,и,277.400,277.480
3892, ,277.480,277.560
3893,д,277.560,277.587
3894,е,277.587,277.613
3895,т,277.613,277.640
3896,а,277.640,277.700
3897,л,277.700,277.760
3898,и,277.760,277.820
3899,з,277.820,277.880
3900,а,277.880,278.000
3901,ц,278.000,278.120
3902,и,278.120,278.240
3903,и,278.240,278.360
3904,.,278.360,278.440
3905, ,278.440,278.920
3906,Д,278.920,279.000
3907,о,279.000,279.080
3908,м,279.080,279.160
3909, ,279.160,279.200
3910,в,279.200,279.240
3911,д,279.240,279.320
3912,а,279.320,279.400
3913,л,279.400,279.520
3914,и,279.520,279.640
3915, ,279.640,279.800
3916,—,279.800,279.827
3917, ,279.827,279.853
3918,э,279.853,279.880
3919,т,279.880,279.920
3920,о,279.920,279.960
3921, ,279.960,280.040
3922,п,280.040,280.080
3923,р,280.080,280.120
3924,о,280.120,280.173
3925,с,280.173,280.227
3926,т,280.227,280.280
3927,а,280.280,280.360
3928,я,280.360,280.440
3929, ,280.440,280.520
3930,к,280.520,280.547
3931,о,280.547,280.573
3932,р,280.573,280.600
3933,о,280.600,280.720
3934,б,280.720,280.840
3935,к,280.840,280.880
3936,а,280.880,280.920
3937, ,280.920,281.000
3938,и,281.000,281.040
3939,з,281.040,281.080
3940, ,281.080,281.160
3941,н,281.160,281.187
3942,е,281.187,281.213
3943,с,281.213,281.240
3944,к,281.240,281.280
3945,о,281.280,281.320
3946,л,281.320,281.360
3947,ь,281.360,281.400
3948,к,281.400,281.440
3949,и,281.440,281.480
3950,х,281.480,281.560
3951, ,281.560,281.640
3952,п,281.640,281.667
3953,о,281.667,281.693
3954,л,281.693,281.720
3955,и,281.720,281.800
3956,г,281.800,281.880
3957,о,281.880,281.960
3958,н,281.960,282.040
3959,о,282.040,282.160
3960,в,282.160,282.280
3961,.,282.280,282.440
3962, ,282.440,282.600
3963,Ч,282.600,282.680
3964,е,282.680,282.720
3965,м,282.720,282.760
3966, ,282.760,282.840
3967,б,282.840,282.867
3968,л,282.867,282.893
3969,и,282.893,282.920
3970,ж,282.920,283.000
3971,е,283.000,283.080
3972, ,283.080,283.120
3973,в,283.120,283.140
3974,ы,283.140,283.160
3975, ,283.160,283.240
3976,п,283.240,283.293
3977,о,283.293,283.347
3978,д,283.347,283.400
3979,х,283.400,283.453
3980,о,283.453,283.507
3981,д,283.507,283.560
3982,и,283.560,283.640
3983,т,283.640,283.720
3984,е,283.720,283.800
3985,",",283.800,283.960
3986, ,283.960,284.080
3987,т,284.080,284.120
3988,е,284.120,284.160
3989,м,284.160,284.200
3990, ,284.200,284.280
3991,п,284.280,284.307
3992,о,284.307,284.333
3993,д,284.333,284.360
3994,р,284.360,284.413
3995,о,284.413,284.467
3996,б,284.467,284.520
3997,н,284.520,284.600
3998,е,284.600,284.680
3999,е,284.680,284.760
4000, ,284.760,284.880
4001,в,284.880,284.920
4002,е,284.920,284.960
4003,р,284.960,285.000
4004,с,285.000,285.080
4005,и,285.080,285.120
4006,я,285.120,285.160
4007,",",285.160,285.240
4008, ,285.240,285.280
4009,к,285.280,285.320
4010,о,285.320,285.360
4011,т,285.360,285.400
4012,о,285.400,285.440
4013,р,285.440,285.480
4014,а,285.480,285.560
4015,я,285.560,285.640
4016, ,285.640,285.720
4017,п,285.720,285.747
4018,о,285.747,285.773
4019,д,285.773,285.800
4020,г,285.800,285.920
4021,р,285.920,285.960
4022,у,285.960,286.000
4023,ж,286.000,286.040
4024,а,286.040,286.104
4025,е,286.104,286.168
4026,т,286.168,286.231
4027,с,286.231,286.295
4028,я,286.295,286.359
4029, ,286.359,286.399
4030,в,286.399,286.439
4031,м,286.439,286.499
4032,е,286.499,286.559
4033,с,286.559,286.619
4034,т,286.619,286.679
4035,о,286.679,286.759
4036, ,286.759,286.839
4037,н,286.839,286.919
4038,е,286.919,286.999
4039,ё,286.999,287.159
4040,.,287.159,287.359
4041, ,287.359,287.559
4042,И,287.559,287.639
4043,з,287.639,287.719
4044,д,287.719,287.746
4045,а,287.746,287.772
4046,л,287.772,287.799
4047,е,287.799,287.879
4048,к,287.879,287.959
4049,а,287.959,288.039
4050, ,288.039,288.119
4051,в,288.119,288.159
4052,ы,288.159,288.199
4053, ,288.199,288.279
4054,н,288.279,288.299
4055,е,288.299,288.319
4056, ,288.319,288.359
4057,о,288.359,288.399
4058,т,288.399,288.439
4059,л,288.439,288.492
4060,и,288.492,288.546
4061,ч,288.546,288.599
4062,и,288.599,288.679
4063,т,288.679,288.759
4064,е,288.759,288.839
4065, ,288.839,288.919
4066,о,288.919,288.959
4067,д,288.959,288.999
4068,н,288.999,289.079
4069,о,289.079,289.159
4070, ,289.159,289.199
4071,о,289.199,289.219
4072,т,289.219,289.239
4073, ,289.239,289.279
4074,д,289.279,289.319
4075,р,289.319,289.372
4076,у,289.372,289.426
4077,г,289.426,289.479
4078,о,289.479,289.586
4079,г,289.586,289.692
4080,о,289.692,289.799
4081,",",289.799,290.039
4082, ,290.039,290.079
4083,а,290.079,290.119
4084, ,290.119,290.199
4085,п,290.199,290.279
4086,а,290.279,290.319
4087,м,290.319,290.359
4088,я,290.359,290.439
4089,т,290.439,290.519
4090,и,290.519,290.599
4091, ,290.599,290.639
4092,э,290.639,290.679
4093,т,290.679,290.719
4094,о,290.719,290.759
4095, ,290.759,290.919
4096,э,290.919,290.946
4097,к,290.946,290.972
4098,о,290.972,290.999
4099,н,290.999,291.026
4100,о,291.026,291.052
4101,м,291.052,291.079
4102,и,291.079,291.199
4103,т,291.199,291.319
4104, ,291.319,291.399
4105,о,291.399,291.439
4106,г,291.439,291.479
4107,р,291.479,291.559
4108,о,291.559,291.639
4109,м,291.639,291.719
4110,н,291.719,291.772
4111,о,291.772,291.826
4112,е,291.826,291.879
4113, ,291.879,291.959
4114,к,291.959,292.239
4115,о,292.239,292.270
4116,л,292.270,292.301
4117,и,292.301,292.332
4118,ч,292.332,292.363
4119,е,292.363,292.395
4120,с,292.395,292.426
4121,т,292.426,292.457
4122,в,292.457,292.488
4123,о,292.488,292.519
4124,.,292.519,292.599
4125,"
",292.599,293.079
4126,В,293.079,293.159
4127,с,293.159,293.199
4128,е,293.199,293.239
4129, ,293.239,293.319
4130,э,293.319,293.399
4131,т,293.399,293.439
4132,и,293.439,293.479
4133, ,293.479,293.519
4134,х,293.519,293.559
4135,и,293.559,293.639
4136,т,293.639,293.719
4137,р,293.719,293.759
4138,ы,293.759,293.799
4139,е,293.799,293.839
4140, ,293.839,293.879
4141,с,293.879,293.946
4142,и,293.946,294.012
4143,с,294.012,294.079
4144,т,294.079,294.146
4145,е,294.146,294.212
4146,м,294.212,294.279
4147,ы,294.279,294.359
4148, ,294.359,294.439
4149,R,294.439,294.499
4150,o,294.499,294.559
4151,c,294.559,294.619
4152,k,294.619,294.679
4153,s,294.679,294.719
4154,t,294.719,294.759
4155,a,294.759,294.799
4156,r,294.799,294.839
4157, ,294.839,294.919
4158,р,294.919,294.983
4159,а,294.983,295.047
4160,б,295.047,295.111
4161,о,295.111,295.175
4162,т,295.175,295.239
4163,а,295.239,295.292
4164,л,295.292,295.346
4165,и,295.346,295.399
4166, ,295.399,295.479
4167,о,295.479,295.559
4168,т,295.559,295.639
4169,л,295.639,295.746
4170,и,295.746,295.852
4171,ч,295.852,295.959
4172,н,295.959,296.039
4173,о,296.039,296.119
4174,.,296.119,296.279
4175, ,296.279,296.439
4176,Н,296.439,296.479
4177,о,296.479,296.519
4178, ,296.519,296.599
4179,о,296.599,296.639
4180,д,296.639,296.679
4181,н,296.679,296.719
4182,а,296.719,296.759
4183, ,296.759,296.839
4184,и,296.839,296.919
4185,з,296.919,296.999
4186, ,296.999,297.039
4187,с,297.039,297.079
4188,а,297.079,297.159
4189,м,297.159,297.239
4190,ы,297.239,297.279
4191,х,297.279,297.319
4192, ,297.319,297.399
4193,в,297.399,297.519
4194,п,297.519,297.543
4195,е,297.543,297.567
4196,ч,297.567,297.591
4197,а,297.591,297.615
4198,т,297.615,297.639
4199,л,297.639,297.719
4200,я,297.719,297.799
4201,ю,297.799,297.859
4202,щ,297.859,297.919
4203,и,297.919,297.979
4204,х,297.979,298.039
4205, ,298.039,298.119
4206,в,298.119,298.199
4207,е,298.199,298.279
4208,щ,298.279,298.359
4209,е,298.359,298.439
4210,й,298.439,298.519
4211, ,298.519,298.839
4212,—,298.839,298.879
4213, ,298.879,298.919
4214,к,298.919,298.959
4215,а,298.959,298.979
4216,к,298.979,298.999
4217, ,298.999,299.159
4218,м,299.159,299.191
4219,о,299.191,299.223
4220,ж,299.223,299.255
4221,н,299.255,299.287
4222,о,299.287,299.319
4223, ,299.319,299.439
4224,п,299.439,299.479
4225,о,299.479,299.519
4226,ч,299.519,299.559
4227,т,299.559,299.599
4228,и,299.599,299.639
4229, ,299.639,299.719
4230,м,299.719,299.799
4231,г,299.799,299.919
4232,н,299.919,299.959
4233,о,299.959,299.999
4234,в,299.999,300.039
4235,е,300.039,300.119
4236,н,300.119,300.199
4237,н,300.199,300.279
4238,о,300.279,300.359
4239, ,300.359,300.439
4240,п,300.439,300.466
4241,е,300.466,300.492
4242,р,300.492,300.519
4243,е,300.519,300.559
4244,к,300.559,300.599
4245,л,300.599,300.679
4246,ю,300.679,300.759
4247,ч,300.759,300.839
4248,а,300.839,300.887
4249,т,300.887,300.935
4250,ь,300.935,300.983
4251,с,300.983,301.031
4252,я,301.031,301.079
4253, ,301.079,301.199
4254,м,301.199,301.223
4255,е,301.223,301.247
4256,ж,301.247,301.271
4257,д,301.271,301.295
4258,у,301.295,301.319
4259, ,301.319,301.399
4260,п,301.399,301.452
4261,е,301.452,301.506
4262,р,301.506,301.559
4263,с,301.559,301.612
4264,о,301.612,301.666
4265,н,301.666,301.719
4266,а,301.719,301.799
4267,ж,301.799,301.879
4268,а,301.879,301.959
4269,м,301.959,302.039
4270,и,302.039,302.119
4271,",",302.119,302.279
4272, ,302.279,302.359
4273,д,302.359,302.439
4274,а,302.439,302.479
4275,ж,302.479,302.519
4276,е,302.519,302.599
4277, ,302.599,302.679
4278,е,302.679,302.759
4279,с,302.759,302.839
4280,л,302.839,302.879
4281,и,302.879,302.919
4282, ,302.919,302.959
4283,о,302.959,302.979
4284,н,302.979,302.999
4285,и,302.999,303.079
4286, ,303.079,303.159
4287,д,303.159,303.212
4288,а,303.212,303.266
4289,л,303.266,303.319
4290,е,303.319,303.399
4291,к,303.399,303.479
4292,о,303.479,303.559
4293, ,303.559,303.599
4294,д,303.599,303.639
4295,р,303.639,303.692
4296,у,303.692,303.746
4297,г,303.746,303.799
4298, ,303.799,303.839
4299,о,303.839,303.859
4300,т,303.859,303.879
4301, ,303.879,303.959
4302,д,303.959,304.079
4303,р,304.079,304.119
4304,у,304.119,304.159
4305,г,304.159,304.199
4306,а,304.199,304.279
4307,.,304.279,304.359
4308, ,304.359,304.679
4309,Э,304.679,304.759
4310,т,304.759,304.799
4311,о,304.799,304.839
4312, ,304.839,304.919
4313,к,304.919,304.972
4314,а,304.972,305.026
4315,ж,305.026,305.079
4316,е,305.079,305.119
4317,т,305.119,305.159
4318,с,305.159,305.199
4319,я,305.199,305.239
4320, ,305.239,305.319
4321,п,305.319,305.359
4322,р,305.359,305.399
4323,о,305.399,305.479
4324,с,305.479,305.559
4325,т,305.559,305.639
4326,ы,305.639,305.719
4327,м,305.719,305.799
4328,:,305.799,306.118
4329, ,306.118,306.198
4330,к,306.198,306.251
4331,а,306.251,306.305
4332,м,306.305,306.358
4333,е,306.358,306.411
4334,р,306.411,306.465
4335,а,306.465,306.518
4336, ,306.518,306.545
4337,в,306.545,306.571
4338,з,306.571,306.598
4339,л,306.598,306.651
4340,е,306.651,306.705
4341,т,306.705,306.758
4342,а,306.758,306.838
4343,е,306.838,306.918
4344,т,306.918,306.998
4345, ,306.998,307.038
4346,в,307.038,307.078
4347, ,307.078,307.118
4348,н,307.118,307.158
4349,е,307.158,307.238
4350,б,307.238,307.318
4351,о,307.318,307.478
4352, ,307.478,307.558
4353,и,307.558,307.638
4354, ,307.638,307.718
4355,о,307.718,307.758
4356,п,307.758,307.798
4357,у,307.798,307.878
4358,с,307.878,307.958
4359,к,307.958,308.038
4360,а,308.038,308.118
4361,е,308.118,308.158
4362,т,308.158,308.198
4363,с,308.198,308.238
4364,я,308.238,308.278
4365, ,308.278,308.358
4366,г,308.358,308.398
4367,д,308.398,308.418
4368,е,308.418,308.438
4369,-,308.438,308.518
4370,т,308.518,308.558
4371,о,308.558,308.598
4372, ,308.598,308.638
4373,в,308.638,308.678
4374, ,308.678,308.718
4375,д,308.718,308.758
4376,р,308.758,308.785
4377,у,308.785,308.811
4378,г,308.811,308.838
4379,о,308.838,308.918
4380,м,308.918,308.998
4381, ,308.998,309.078
4382,м,309.078,309.158
4383,е,309.158,309.238
4384,с,309.238,309.318
4385,т,309.318,309.398
4386,е,309.398,309.478
4387,.,309.478,309.558
4388, ,309.558,309.958
4389,Н,309.958,310.038
4390,о,310.038,310.118
4391, ,310.118,310.158
4392,н,310.158,310.178
4393,а,310.178,310.198
4394, ,310.198,310.278
4395,P,310.278,310.358
4396,S,310.358,310.598
4397,3,310.598,310.758
4398, ,310.758,310.998
4399,э,310.998,311.078
4400,т,311.078,311.118
4401,о,311.118,311.158
4402, ,311.158,311.198
4403,н,311.198,311.218
4404,а,311.218,311.238
4405, ,311.238,311.318
4406,с,311.318,311.398
4407,а,311.398,311.438
4408,м,311.438,311.478
4409,о,311.478,311.518
4410,м,311.518,311.558
4411, ,311.558,311.638
4412,д,311.638,311.691
4413,е,311.691,311.745
4414,л,311.745,311.798
4415,е,311.798,311.878
4416, ,311.878,311.958
4417,к,311.958,312.038
4418,р,312.038,312.118
4419,а,312.118,312.198
4420,й,312.198,312.278
4421,н,312.278,312.358
4422,е,312.358,312.438
4423, ,312.438,312.518
4424,с,312.518,312.558
4425,л,312.558,312.598
4426,о,312.598,312.698
4427,ж,312.698,312.798
4428,н,312.798,312.898
4429,о,312.898,312.998
4430,.,312.998,313.078
4431, ,313.078,313.398
4432,И,313.398,313.478
4433,г,313.478,313.558
4434,р,313.558,313.598
4435,а,313.598,313.638
4436, ,313.638,313.718
4437,в,313.718,313.758
4438,ы,313.758,313.798
4439,п,313.798,313.851
4440,о,313.851,313.905
4441,л,313.905,313.958
4442,н,313.958,314.038
4443,я,314.038,314.118
4444,е,314.118,314.198
4445,т,314.198,314.278
4446, ,314.278,314.398
4447,о,314.398,314.458
4448,г,314.458,314.518
4449,р,314.518,314.598
4450,о,314.598,314.678
4451,м,314.678,314.758
4452,н,314.758,314.785
4453,ы,314.785,314.811
4454,й,314.811,314.838
4455, ,314.838,314.918
4456,о,314.918,314.958
4457,б,314.958,314.998
4458,ъ,314.998,315.078
4459,ё,315.078,315.118
4460,м,315.118,315.158
4461, ,315.158,315.238
4462,р,315.238,315.302
4463,а,315.302,315.366
4464,б,315.366,315.430
4465,о,315.430,315.494
4466,т,315.494,315.558
4467,ы,315.558,315.638
4468, ,315.638,315.718
4469,з,315.718,315.758
4470,а,315.758,315.798
4471, ,315.798,315.878
4472,с,315.878,315.958
4473,ч,315.958,316.011
4474,и,316.011,316.065
4475,т,316.065,316.118
4476,а,316.118,316.158
4477,н,316.158,316.198
4478,н,316.198,316.238
4479,ы,316.238,316.278
4480,е,316.278,316.358
4481, ,316.358,316.438
4482,с,316.438,316.518
4483,е,316.518,316.558
4484,к,316.558,316.598
4485,у,316.598,316.678
4486,н,316.678,316.758
4487,д,316.758,316.878
4488,ы,316.878,316.998
4489,.,316.998,317.198
4490, ,317.198,317.398
4491,С,317.398,317.478
4492,н,317.478,317.558
4493,а,317.558,317.638
4494,ч,317.638,317.718
4495,а,317.718,317.798
4496,л,317.798,317.878
4497,а,317.878,317.958
4498, ,317.958,318.038
4499,о,318.038,318.091
4500,н,318.091,318.145
4501,а,318.145,318.198
4502, ,318.198,318.238
4503,д,318.238,318.278
4504,о,318.278,318.331
4505,л,318.331,318.385
4506,ж,318.385,318.438
4507,н,318.438,318.478
4508,а,318.478,318.518
4509, ,318.518,318.598
4510,у,318.598,318.638
4511,п,318.638,318.678
4512,а,318.678,318.758
4513,к,318.758,318.838
4514,о,318.838,318.886
4515,в,318.886,318.934
4516,а,318.934,318.982
4517,т,318.982,319.030
4518,ь,319.030,319.078
4519, ,319.078,319.158
4520,в,319.158,319.238
4521,с,319.238,319.318
4522,ё,319.318,319.398
4523, ,319.398,319.478
4524,и,319.478,319.518
4525,з,319.518,319.558
4526, ,319.558,319.678
4527,т,319.678,319.718
4528,е,319.718,319.758
4529,к,319.758,319.798
4530,у,319.798,319.878
4531,щ,319.878,319.958
4532,е,319.958,320.038
4533,й,320.038,320.118
4534, ,320.118,320.198
4535,о,320.198,320.238
4536,б,320.238,320.278
4537,л,320.278,320.358
4538,а,320.358,320.438
4539,с,320.438,320.545
4540,т,320.545,320.651
4541,и,320.651,320.758
4542,:,320.758,320.998
4543, ,320.998,321.118
4544,м,321.118,321.178
4545,а,321.178,321.238
4546,ш,321.238,321.318
4547,и,321.318,321.398
4548,н,321.398,321.478
4549,ы,321.478,321.558
4550,",",321.558,321.638
4551, ,321.638,321.678
4552,п,321.678,321.718
4553,е,321.718,321.758
4554,ш,321.758,321.798
4555,е,321.798,321.958
4556,х,321.958,322.038
4557,о,322.038,322.118
4558,д,322.118,322.198
4559,о,322.198,322.278
4560,в,322.278,322.358
4561,",",322.358,322.438
4562, ,322.438,322.518
4563,з,322.518,322.598
4564,в,322.598,322.678
4565,у,322.678,322.758
4566,к,322.758,322.878
4567,и,322.878,322.998
4568, ,322.998,323.078
4569,и,323.078,323.158
4570, ,323.158,323.278
4571,з,323.278,323.338
4572,д,323.338,323.398
4573,а,323.398,323.478
4574,н,323.478,323.558
4575,и,323.558,323.638
4576,я,323.638,323.718
4577,",",323.718,324.038
4578, ,324.038,324.078
4579,т,324.078,324.098
4580,о,324.098,324.118
4581, ,324.118,324.238
4582,е,324.238,324.268
4583,с,324.268,324.298
4584,т,324.298,324.328
4585,ь,324.328,324.358
4586, ,324.358,324.438
4587,в,324.438,324.518
4588,ы,324.518,324.598
4589,г,324.598,324.658
4590,р,324.658,324.718
4591,у,324.718,324.778
4592,з,324.778,324.838
4593,и,324.838,324.865
4594,т,324.865,324.891
4595,ь,324.891,324.918
4596, ,324.918,324.998
4597,и,324.998,325.038
4598,х,325.038,325.078
4599, ,325.078,325.158
4600,и,325.158,325.198
4601,з,325.198,325.238
4602, ,325.238,325.278
4603,п,325.278,325.318
4604,а,325.318,325.358
4605,м,325.358,325.398
4606,я,325.398,325.478
4607,т,325.478,325.558
4608,и,325.558,325.638
4609,",",325.638,325.678
4610, ,325.678,325.718
4611,ч,325.718,325.798
4612,т,325.798,325.878
4613,о,325.878,325.905
4614,б,325.905,325.931
4615,ы,325.931,325.958
4616, ,325.958,326.037
4617,о,326.037,326.077
4618,с,326.077,326.117
4619,в,326.117,326.197
4620,о,326.197,326.237
4621,б,326.237,326.277
4622,о,326.277,326.317
4623,д,326.317,326.357
4624,и,326.357,326.410
4625,т,326.410,326.464
4626,ь,326.464,326.517
4627, ,326.517,326.597
4628,м,326.597,326.677
4629,е,326.677,326.757
4630,с,326.757,326.837
4631,т,326.837,326.917
4632,о,326.917,326.997
4633,.,326.997,327.197
4634, ,327.197,327.397
4635,О,327.397,327.477
4636,д,327.477,327.597
4637,н,327.597,327.637
4638,о,327.637,327.677
4639,в,327.677,327.717
4640,р,327.717,327.770
4641,е,327.770,327.824
4642,м,327.824,327.877
4643,е,327.877,327.957
4644,н,327.957,328.037
4645,н,328.037,328.117
4646,о,328.117,328.197
4647, ,328.197,328.317
4648,о,328.317,328.357
4649,н,328.357,328.397
4650,а,328.397,328.437
4651, ,328.437,328.477
4652,з,328.477,328.517
4653,а,328.517,328.557
4654,г,328.557,328.597
4655,р,328.597,328.650
4656,у,328.650,328.704
4657,ж,328.704,328.757
4658,а,328.757,328.837
4659,е,328.837,328.917
4660,т,328.917,328.997
4661, ,328.997,329.077
4662,н,329.077,329.157
4663,о,329.157,329.237
4664,в,329.237,329.317
4665,у,329.317,329.397
4666,ю,329.397,329.477
4667, ,329.477,329.557
4668,о,329.557,329.637
4669,б,329.637,329.717
4670,л,329.717,329.757
4671,а,329.757,329.797
4672,с,329.797,329.850
4673,т,329.850,329.904
4674,ь,329.904,329.957
4675,",",329.957,330.037
4676, ,330.037,330.077
4677,г,330.077,330.117
4678,д,330.117,330.157
4679,е,330.157,330.197
4680, ,330.197,330.277
4681,н,330.277,330.317
4682,а,330.317,330.357
4683,х,330.357,330.410
4684,о,330.410,330.464
4685,д,330.464,330.517
4686,и,330.517,330.557
4687,т,330.557,330.597
4688,с,330.597,330.637
4689,я,330.637,330.677
4690, ,330.677,330.757
4691,д,330.757,330.837
4692,р,330.837,330.864
4693,у,330.864,330.890
4694,г,330.890,330.917
4695,о,330.917,330.997
4696,й,330.997,331.077
4697, ,331.077,331.157
4698,п,331.157,331.184
4699,е,331.184,331.210
4700,р,331.210,331.237
4701,с,331.237,331.317
4702,о,331.317,331.397
4703,н,331.397,331.477
4704,а,331.477,331.597
4705,ж,331.597,331.717
4706,:,331.717,332.037
4707, ,332.037,332.157
4708,н,332.157,332.197
4709,о,332.197,332.237
4710,в,332.237,332.277
4711,ы,332.277,332.357
4712,е,332.357,332.437
4713, ,332.437,332.517
4714,у,332.517,332.597
4715,л,332.597,332.704
4716,и,332.704,332.810
4717,ц,332.810,332.917
4718,ы,332.917,332.997
4719,",",332.997,333.077
4720, ,333.077,333.157
4721,н,333.157,333.184
4722,о,333.184,333.210
4723,в,333.210,333.237
4724,ы,333.237,333.317
4725,е,333.317,333.397
4726, ,333.397,333.517
4727,м,333.517,333.577
4728,а,333.577,333.637
4729,ш,333.637,333.717
4730,и,333.717,333.797
4731,н,333.797,333.917
4732,ы,333.917,334.037
4733,",",334.037,334.117
4734, ,334.117,334.197
4735,н,334.197,334.250
4736,о,334.250,334.304
4737,в,334.304,334.357
4738,ы,334.357,334.397
4739,х,334.397,334.437
4740, ,334.437,334.517
4741,л,334.517,334.597
4742,ю,334.597,334.677
4743,д,334.677,334.784
4744,е,334.784,334.890
4745,й,334.890,334.997
4746, ,334.997,335.077
4747,и,335.077,335.157
4748, ,335.157,335.237
4749,н,335.237,335.290
4750,о,335.290,335.344
4751,в,335.344,335.397
4752,ы,335.397,335.477
4753,е,335.477,335.557
4754, ,335.557,335.637
4755,з,335.637,335.677
4756,в,335.677,335.717
4757,у,335.717,335.797
4758,к,335.797,335.917
4759,и,335.917,336.037
4760,.,336.037,336.117
4761, ,336.117,336.517
4762,Е,336.517,336.677
4763,щ,336.677,336.757
4764,ё,336.757,336.837
4765, ,336.837,336.917
4766,н,336.917,336.997
4767,у,336.997,337.037
4768,ж,337.037,337.077
4769,н,337.077,337.117
4770,о,337.117,337.157
4771, ,337.157,337.237
4772,п,337.237,337.264
4773,е,337.264,337.290
4774,р,337.290,337.317
4775,е,337.317,337.357
4776,к,337.357,337.397
4777,л,337.397,337.477
4778,ю,337.477,337.557
4779,ч,337.557,337.637
4780,и,337.637,337.690
4781,т,337.690,337.744
4782,ь,337.744,337.797
4783, ,337.797,337.877
4784,д,337.877,338.037
4785,а,338.037,338.077
4786,н,338.077,338.117
4787,н,338.117,338.157
4788,ы,338.157,338.197
4789,е,338.197,338.237
4790, ,338.237,338.277
4791,п,338.277,338.330
4792,е,338.330,338.384
4793,р,338.384,338.437
4794,с,338.437,338.490
4795,о,338.490,338.544
4796,н,338.544,338.597
4797,а,338.597,338.717
4798,ж,338.717,338.837
4799,е,338.837,338.877
4800,й,338.877,338.917
4801,:,338.917,339.237
4802, ,339.237,339.277
4803,в,339.277,339.297
4804,о,339.297,339.317
4805, ,339.317,339.397
4806,ч,339.397,339.450
4807,т,339.450,339.504
4808,о,339.504,339.557
4809, ,339.557,339.597
4810,ч,339.597,339.637
4811,е,339.637,339.677
4812,л,339.677,339.717
4813,о,339.717,339.757
4814,в,339.757,339.797
4815,е,339.797,339.877
4816,к,339.877,339.957
4817, ,339.957,340.037
4818,о,340.037,340.117
4819,д,340.117,340.197
4820,е,340.197,340.317
4821,т,340.317,340.437
4822,",",340.437,340.597
4823, ,340.597,340.677
4824,г,340.677,340.757
4825,д,340.757,340.797
4826,е,340.797,340.837
4827, ,340.837,340.917
4828,с,340.917,340.997
4829,т,340.997,341.077
4830,о,341.077,341.157
4831,и,341.157,341.277
4832,т,341.277,341.397
4833, ,341.397,341.557
4834,и,341.557,341.637
4835, ,341.637,341.717
4836,ч,341.717,341.770
4837,е,341.770,341.824
4838,м,341.824,341.877
4839, ,341.877,341.957
4840,з,341.957,342.037
4841,а,342.037,342.117
4842,н,342.117,342.197
4843,я,342.197,342.277
4844,т,342.277,342.357
4845,.,342.357,342.597
4846,А,342.657,342.737
4847, ,342.737,342.897
4848,с,342.897,342.977
4849,в,342.977,343.057
4850,е,343.057,343.137
4851,р,343.137,343.217
4852,х,343.217,343.297
4853,у,343.297,343.377
4854, ,343.377,343.537
4855,м,343.537,343.590
4856,и,343.590,343.644
4857,р,343.644,343.697
4858, ,343.697,343.777
4859,д,343.777,343.857
4860,о,343.857,343.884
4861,л,343.884,343.910
4862,ж,343.910,343.937
4863,е,343.937,343.977
4864,н,343.977,344.017
4865, ,344.017,344.097
4866,о,344.097,344.124
4867,с,344.124,344.150
4868,т,344.150,344.177
4869,а,344.177,344.257
4870,в,344.257,344.337
4871,а,344.337,344.369
4872,т,344.369,344.401
4873,ь,344.401,344.433
4874,с,344.433,344.465
4875,я,344.465,344.497
4876, ,344.497,344.577
4877,п,344.577,344.657
4878,о,344.657,344.737
4879,с,344.737,344.817
4880,л,344.817,344.897
4881,е,344.897,344.937
4882,д,344.937,344.977
4883,о,344.977,345.017
4884,в,345.017,345.057
4885,а,345.057,345.105
4886,т,345.105,345.153
4887,е,345.153,345.201
4888,л,345.201,345.249
4889,ь,345.249,345.297
4890,н,345.297,345.377
4891,ы,345.377,345.457
4892,м,345.457,345.537
4893,:,345.537,345.937
4894, ,345.937,346.017
4895,е,346.017,346.097
4896,с,346.097,346.177
4897,л,346.177,346.217
4898,и,346.217,346.257
4899, ,346.257,346.417
4900,о,346.417,346.497
4901,д,346.497,346.577
4902,и,346.577,346.617
4903,н,346.617,346.657
4904, ,346.657,346.737
4905,п,346.737,346.790
4906,е,346.790,346.844
4907,р,346.844,346.897
4908,с,346.897,346.950
4909,о,346.950,347.004
4910,н,347.004,347.057
4911,а,347.057,347.137
4912,ж,347.137,347.217
4913, ,347.217,347.257
4914,у,347.257,347.297
4915,с,347.297,347.357
4916,т,347.357,347.417
4917,р,347.417,347.477
4918,о,347.477,347.537
4919,и,347.537,347.577
4920,л,347.577,347.617
4921, ,347.617,347.657
4922,г,347.657,347.697
4923,д,347.697,347.737
4924,е,347.737,347.777
4925,-,347.777,347.857
4926,т,347.857,347.897
4927,о,347.897,347.937
4928, ,347.937,348.017
4929,х,348.017,348.137
4930,а,348.137,348.257
4931,о,348.257,348.377
4932,с,348.377,348.497
4933,",",348.497,348.657
4934, ,348.657,348.817
4935,и,348.817,348.857
4936,г,348.857,348.897
4937,р,348.897,348.937
4938,а,348.937,348.977
4939, ,348.977,349.030
4940,д,349.030,349.084
4941,о,349.084,349.101
4942,л,349.101,349.119
4943,ж,349.119,349.137
4944,н,349.137,349.217
4945,а,349.217,349.297
4946, ,349.297,349.337
4947,э,349.337,349.377
4948,т,349.377,349.417
4949,о,349.417,349.457
4950, ,349.457,349.537
4951,з,349.537,349.617
4952,а,349.617,349.657
4953,п,349.657,349.697
4954,о,349.697,349.777
4955,м,349.777,349.857
4956,н,349.857,349.937
4957,и,349.937,349.990
4958,т,349.990,350.044
4959,ь,350.044,350.097
4960, ,350.097,350.177
4961,и,350.177,350.217
4962, ,350.217,350.257
4963,с,350.257,350.337
4964,о,350.337,350.417
4965,х,350.417,350.477
4966,р,350.477,350.537
4967,а,350.537,350.597
4968,н,350.597,350.657
4969,и,350.657,350.710
4970,т,350.710,350.764
4971,ь,350.764,350.817
4972, ,350.817,350.897
4973,т,350.897,350.977
4974,а,350.977,351.017
4975,к,351.017,351.057
4976,и,351.057,351.137
4977,м,351.137,351.217
4978, ,351.217,351.297
4979,ж,351.297,351.337
4980,е,351.337,351.377
4981,",",351.377,351.404
4982, ,351.404,351.430
4983,к,351.430,351.457
4984,о,351.457,351.497
4985,г,351.497,351.537
4986,д,351.537,351.577
4987,а,351.577,351.617
4988, ,351.617,351.697
4989,в,351.697,351.737
4990,ы,351.737,351.777
4991, ,351.777,351.897
4992,в,351.897,351.937
4993,е,351.937,351.977
4994,р,351.977,352.017
4995,н,352.017,352.097
4996,ё,352.097,352.137
4997,т,352.137,352.177
4998,е,352.177,352.257
4999,с,352.257,352.337
5000,ь,352.337,352.417
5001,.,352.417,352.497
5002, ,352.497,352.817
5003,И,352.817,352.897
5004, ,352.897,352.977
5005,в,352.977,353.057
5006,с,353.057,353.097
5007,ё,353.097,353.137
5008, ,353.137,353.217
5009,э,353.217,353.297
5010,т,353.297,353.337
5011,о,353.337,353.377
5012, ,353.377,353.457
5013,п,353.457,353.484
5014,р,353.484,353.510
5015,о,353.510,353.537
5016,и,353.537,353.577
5017,с,353.577,353.617
5018,х,353.617,353.681
5019,о,353.681,353.745
5020,д,353.745,353.809
5021,и,353.809,353.873
5022,т,353.873,353.937
5023, ,353.937,354.017
5024,з,354.017,354.056
5025,а,354.056,354.096
5026, ,354.096,354.176
5027,н,354.176,354.256
5028,е,354.256,354.336
5029,с,354.336,354.416
5030,к,354.416,354.536
5031,о,354.536,354.560
5032,л,354.560,354.584
5033,ь,354.584,354.608
5034,к,354.608,354.632
5035,о,354.632,354.656
5036, ,354.656,354.736
5037,с,354.736,354.816
5038,е,354.816,354.896
5039,к,354.896,354.976
5040,у,354.976,355.016
5041,н,355.016,355.056
5042,д,355.056,355.216
5043,",",355.216,355.243
5044, ,355.243,355.269
5045,п,355.269,355.296
5046,о,355.296,355.349
5047,к,355.349,355.403
5048,а,355.403,355.456
5049, ,355.456,355.536
5050,к,355.536,355.589
5051,а,355.589,355.643
5052,м,355.643,355.696
5053,е,355.696,355.749
5054,р,355.749,355.803
5055,а,355.803,355.856
5056, ,355.856,355.936
5057,л,355.936,355.963
5058,е,355.963,355.989
5059,т,355.989,356.016
5060,и,356.016,356.096
5061,т,356.096,356.176
5062, ,356.176,356.216
5063,п,356.216,356.236
5064,о,356.236,356.256
5065, ,356.256,356.336
5066,н,356.336,356.416
5067,е,356.416,356.496
5068,б,356.496,356.576
5069,у,356.576,356.656
5070,.,356.656,356.736
5071,"
",356.736,357.136
5072,К,357.136,357.296
5073,с,357.296,357.336
5074,т,357.336,357.376
5075,а,357.376,357.416
5076,т,357.416,357.456
5077,и,357.456,357.536
5078,",",357.536,357.696
5079, ,357.696,357.856
5080,и,357.856,357.896
5081,г,357.896,357.936
5082,р,357.936,357.976
5083,а,357.976,358.016
5084, ,358.016,358.096
5085,д,358.096,358.123
5086,е,358.123,358.149
5087,л,358.149,358.176
5088,а,358.176,358.229
5089,е,358.229,358.283
5090,т,358.283,358.336
5091, ,358.336,358.416
5092,э,358.416,358.496
5093,т,358.496,358.536
5094,о,358.536,358.576
5095, ,358.576,358.656
5096,н,358.656,358.696
5097,е,358.696,358.736
5098, ,358.736,358.816
5099,р,358.816,358.843
5100,а,358.843,358.869
5101,д,358.869,358.896
5102,и,358.896,358.976
5103, ,358.976,359.096
5104,к,359.096,359.126
5105,р,359.126,359.156
5106,а,359.156,359.186
5107,с,359.186,359.216
5108,о,359.216,359.296
5109,т,359.296,359.376
5110,ы,359.376,359.536
5111,.,359.536,359.616
5112, ,359.616,359.856
5113,Т,359.856,359.936
5114,а,359.936,359.976
5115,к,359.976,360.016
5116, ,360.016,360.096
5117,о,360.096,360.123
5118,н,360.123,360.149
5119,а,360.149,360.176
5120, ,360.176,360.256
5121,с,360.256,360.296
5122,к,360.296,360.336
5123,р,360.336,360.496
5124,ы,360.496,360.528
5125,в,360.528,360.560
5126,а,360.560,360.592
5127,е,360.592,360.624
5128,т,360.624,360.656
5129, ,360.656,360.736
5130,э,360.736,360.776
5131,к,360.776,360.816
5132,р,360.816,360.869
5133,а,360.869,360.923
5134,н,360.923,360.976
5135, ,360.976,361.016
5136,з,361.016,361.056
5137,а,361.056,361.096
5138,г,361.096,361.136
5139,р,361.136,361.216
5140,у,361.216,361.296
5141,з,361.296,361.376
5142,к,361.376,361.496
5143,и,361.496,361.616
5144,.,361.616,361.816
5145, ,361.816,362.016
5146,П,362.016,362.096
5147,о,362.096,362.149
5148,к,362.149,362.203
5149,а,362.203,362.256
5150, ,362.256,362.336
5151,и,362.336,362.376
5152,г,362.376,362.416
5153,р,362.416,362.469
5154,о,362.469,362.523
5155,к,362.523,362.576
5156, ,362.576,362.656
5157,о,362.656,362.696
5158,т,362.696,362.736
5159,в,362.736,362.776
5160,л,362.776,362.816
5161,е,362.816,362.896
5162,ч,362.896,362.976
5163,ё,362.976,363.096
5164,н,363.096,363.216
5165,",",363.216,363.296
5166, ,363.296,363.496
5167,с,363.496,363.529
5168,и,363.529,363.563
5169,с,363.563,363.596
5170,т,363.596,363.629
5171,е,363.629,363.663
5172,м,363.663,363.696
5173,а,363.696,363.776
5174, ,363.776,363.816
5175,п,363.816,363.856
5176,о,363.856,363.936
5177,с,363.936,364.016
5178,т,364.016,364.096
5179,о,364.096,364.176
5180,я,364.176,364.256
5181,н,364.256,364.336
5182,н,364.336,364.376
5183,о,364.376,364.416
5184, ,364.416,364.496
5185,у,364.496,364.536
5186,д,364.536,364.576
5187,а,364.576,364.736
5188,л,364.736,364.776
5189,я,364.776,364.816
5190,е,364.816,364.856
5191,т,364.856,364.896
5192, ,364.896,364.976
5193,с,364.976,365.016
5194,т,365.016,365.056
5195,а,365.056,365.096
5196,р,365.096,365.136
5197,ы,365.136,365.216
5198,е,365.216,365.296
5199, ,365.296,365.376
5200,д,365.376,365.536
5201,а,365.536,365.576
5202,н,365.576,365.616
5203,н,365.616,365.656
5204,ы,365.656,365.696
5205,е,365.696,365.776
5206, ,365.776,365.856
5207,и,365.856,365.936
5208, ,365.936,365.976
5209,з,365.976,366.016
5210,а,366.016,366.056
5211,г,366.056,366.096
5212,р,366.096,366.149
5213,у,366.149,366.203
5214,ж,366.203,366.256
5215,а,366.256,366.336
5216,е,366.336,366.416
5217,т,366.416,366.496
5218, ,366.496,366.576
5219,н,366.576,366.656
5220,о,366.656,366.736
5221,в,366.736,366.816
5222,ы,366.816,366.896
5223,е,366.896,366.976
5224,",",366.976,367.296
5225, ,367.296,367.376
5226,в,367.376,367.456
5227,с,367.456,367.536
5228,ё,367.536,367.616
5229, ,367.616,367.696
5230,и,367.696,367.803
5231,д,367.803,367.909
5232,е,367.909,368.016
5233,а,368.016,368.064
5234,л,368.064,368.112
5235,ь,368.112,368.160
5236,н,368.160,368.208
5237,о,368.208,368.256
5238, ,368.256,368.336
5239,р,368.336,368.416
5240,а,368.416,368.443
5241,с,368.443,368.469
5242,с,368.469,368.496
5243,ч,368.496,368.549
5244,и,368.549,368.603
5245,т,368.603,368.656
5246,а,368.656,368.696
5247,н,368.696,368.736
5248,о,368.736,368.816
5249, ,368.816,368.856
5250,п,368.856,368.876
5251,о,368.876,368.896
5252, ,368.896,368.976
5253,в,368.976,369.036
5254,р,369.036,369.096
5255,е,369.096,369.156
5256,м,369.156,369.216
5257,е,369.216,369.269
5258,н,369.269,369.323
5259,и,369.323,369.376
5260,",",369.376,369.616
5261, ,369.616,369.696
5262,и,369.696,369.776
5263, ,369.776,369.816
5264,к,369.816,369.856
5265, ,369.856,369.909
5266,м,369.909,369.963
5267,о,369.963,369.989
5268,м,369.989,370.016
5269,е,370.016,370.069
5270,н,370.069,370.123
5271,т,370.123,370.176
5272,у,370.176,370.216
5273,",",370.216,370.256
5274, ,370.256,370.296
5275,к,370.296,370.336
5276,о,370.336,370.376
5277,г,370.376,370.416
5278,д,370.416,370.456
5279,а,370.456,370.496
5280, ,370.496,370.576
5281,к,370.576,370.603
5282,а,370.603,370.629
5283,м,370.629,370.656
5284,е,370.656,370.709
5285,р,370.709,370.763
5286,а,370.763,370.816
5287, ,370.816,370.896
5288,п,370.896,370.923
5289,р,370.923,370.949
5290,и,370.949,370.976
5291,з,370.976,371.029
5292,е,371.029,371.083
5293,м,371.083,371.136
5294,л,371.136,371.216
5295,я,371.216,371.296
5296,е,371.296,371.376
5297,т,371.376,371.456
5298,с,371.456,371.536
5299,я,371.536,371.616
5300,",",371.616,371.776
5301, ,371.776,371.816
5302,в,371.816,371.856
5303,с,371.856,371.936
5304,ё,371.936,372.016
5305, ,372.016,372.176
5306,г,372.176,372.208
5307,о,372.208,372.240
5308,т,372.240,372.272
5309,о,372.272,372.304
5310,в,372.304,372.336
5311,о,372.336,372.496
5312,.,372.496,372.776
5313,"
",372.776,373.056
5314,Т,373.056,373.136
5315,е,373.136,373.176
5316,п,373.176,373.216
5317,е,373.216,373.296
5318,р,373.296,373.376
5319,ь,373.376,373.456
5320, ,373.456,373.496
5321,о,373.496,373.536
5322, ,373.536,373.616
5323,д,373.616,373.643
5324,е,373.643,373.669
5325,т,373.669,373.696
5326,а,373.696,373.756
5327,л,373.756,373.816
5328,и,373.816,373.876
5329,з,373.876,373.936
5330,а,373.936,374.015
5331,ц,374.015,374.095
5332,и,374.095,374.175
5333,и,374.175,374.255
5334, ,374.255,374.335
5335,с,374.335,374.415
5336,а,374.415,374.455
5337,м,374.455,374.495
5338,о,374.495,374.575
5339,г,374.575,374.655
5340,о,374.655,374.735
5341, ,374.735,374.815
5342,м,374.815,374.855
5343,и,374.855,374.895
5344,р,374.895,375.015
5345,а,375.015,375.135
5346,.,375.135,375.335
5347, ,375.335,375.535
5348,В,375.535,375.615
5349, ,375.615,375.655
5350,Л,375.655,375.695
5351,о,375.695,375.735
5352,с,375.735,375.775
5353,-,375.775,375.855
5354,С,375.855,375.935
5355,а,375.935,375.988
5356,н,375.988,376.042
5357,т,376.042,376.095
5358,о,376.095,376.135
5359,с,376.135,376.175
5360,е,376.175,376.335
5361, ,376.335,376.455
5362,п,376.455,376.495
5363,о,376.495,376.535
5364,в,376.535,376.575
5365,с,376.575,376.615
5366,ю,376.615,376.655
5367,д,376.655,376.735
5368,у,376.735,376.815
5369, ,376.815,376.895
5370,т,376.895,377.055
5371,р,377.055,377.108
5372,а,377.108,377.162
5373,ф,377.162,377.215
5374,и,377.215,377.295
5375,к,377.295,377.375
5376,",",377.375,377.535
5377, ,377.535,377.735
5378,х,377.735,377.775
5379,о,377.775,377.815
5380,д,377.815,377.855
5381,я,377.855,377.895
5382,т,377.895,377.935
5383, ,377.935,378.015
5384,л,378.015,378.095
5385,ю,378.095,378.175
5386,д,378.175,378.295
5387,и,378.295,378.415
5388,",",378.415,378.495
5389, ,378.495,378.575
5390,и,378.575,378.615
5391,д,378.615,378.655
5392,у,378.655,378.695
5393,т,378.695,378.735
5394, ,378.735,378.815
5395,р,378.815,378.868
5396,а,378.868,378.922
5397,з,378.922,378.975
5398,г,378.975,379.055
5399,о,379.055,379.135
5400,в,379.135,379.215
5401,о,379.215,379.295
5402,р,379.295,379.375
5403,ы,379.375,379.455
5404,",",379.455,379.775
5405, ,379.775,379.815
5406,и,379.815,379.855
5407, ,379.855,379.895
5408,д,379.895,379.935
5409,а,379.935,379.975
5410,ж,379.975,380.015
5411,е,380.015,380.095
5412, ,380.095,380.135
5413,в,380.135,380.175
5414, ,380.175,380.255
5415,о,380.255,380.295
5416,к,380.295,380.335
5417,е,380.335,380.495
5418,а,380.495,380.575
5419,н,380.575,380.655
5420,е,380.655,380.735
5421, ,380.735,380.815
5422,е,380.815,380.875
5423,с,380.875,380.935
5424,т,380.935,380.995
5425,ь,380.995,381.055
5426, ,381.055,381.095
5427,ж,381.095,381.135
5428,и,381.135,381.215
5429,з,381.215,381.295
5430,н,381.295,381.375
5431,ь,381.375,381.455
5432,.,381.455,381.535
5433, ,381.535,381.855
5434,П,381.855,381.935
5435,о,381.935,382.015
5436,э,382.015,382.063
5437,т,382.063,382.111
5438,о,382.111,382.159
5439,м,382.159,382.207
5440,у,382.207,382.255
5441, ,382.255,382.335
5442,R,382.335,382.355
5443,o,382.355,382.375
5444,c,382.375,382.395
5445,k,382.395,382.415
5446,s,382.415,382.475
5447,t,382.475,382.535
5448,a,382.535,382.595
5449,r,382.595,382.655
5450, ,382.655,382.735
5451,п,382.735,382.975
5452,о,382.975,383.023
5453,с,383.023,383.071
5454,т,383.071,383.119
5455,о,383.119,383.167
5456,я,383.167,383.215
5457,н,383.215,383.295
5458,н,383.295,383.335
5459,о,383.335,383.375
5460, ,383.375,383.455
5461,и,383.455,383.495
5462,с,383.495,383.535
5463,п,383.535,383.615
5464,о,383.615,383.655
5465,л,383.655,383.695
5466,ь,383.695,383.735
5467,з,383.735,383.775
5468,у,383.775,383.828
5469,е,383.828,383.882
5470,т,383.882,383.935
5471, ,383.935,384.015
5472,о,384.015,384.095
5473,д,384.095,384.175
5474,н,384.175,384.255
5475,и,384.255,384.335
5476, ,384.335,384.375
5477,и,384.375,384.415
5478, ,384.415,384.495
5479,т,384.495,384.535
5480,е,384.535,384.575
5481, ,384.575,384.655
5482,ж,384.655,384.695
5483,е,384.695,384.735
5484, ,384.735,384.775
5485,м,384.775,384.815
5486,о,384.815,384.895
5487,д,384.895,384.975
5488,е,384.975,385.028
5489,л,385.028,385.082
5490,и,385.082,385.135
5491, ,385.135,385.255
5492,п,385.255,385.295
5493,о,385.295,385.335
5494,в,385.335,385.375
5495,т,385.375,385.455
5496,о,385.455,385.535
5497,р,385.535,385.615
5498,н,385.615,385.695
5499,о,385.695,385.775
5500,.,385.775,385.975
5501, ,385.975,386.175
5502,К,386.175,386.255
5503, ,386.255,386.295
5504,т,386.295,386.335
5505,о,386.335,386.388
5506,м,386.388,386.442
5507,у,386.442,386.495
5508, ,386.495,386.575
5509,ж,386.575,386.655
5510,е,386.655,386.735
5511, ,386.735,386.815
5512,о,386.815,386.895
5513,г,386.895,386.975
5514,р,386.975,387.028
5515,о,387.028,387.082
5516,м,387.082,387.135
5517,н,387.135,387.188
5518,у,387.188,387.242
5519,ю,387.242,387.295
5520, ,387.295,387.335
5521,р,387.335,387.375
5522,о,387.375,387.402
5523,л,387.402,387.428
5524,ь,387.428,387.455
5525, ,387.455,387.535
5526,и,387.535,387.595
5527,г,387.595,387.655
5528,р,387.655,387.715
5529,а,387.715,387.775
5530,ю,387.775,387.815
5531,т,387.815,387.855
5532, ,387.855,387.935
5533,в,387.935,387.988
5534,и,387.988,388.042
5535,з,388.042,388.095
5536,у,388.095,388.175
5537,а,388.175,388.228
5538,л,388.228,388.282
5539,ь,388.282,388.335
5540,н,388.335,388.388
5541,ы,388.388,388.442
5542,е,388.442,388.495
5543, ,388.495,388.575
5544,т,388.575,388.615
5545,р,388.615,388.655
5546,ю,388.655,388.815
5547,к,388.815,388.895
5548,и,388.895,388.975
5549,:,388.975,389.375
5550, ,389.375,389.455
5551,д,389.455,389.535
5552,ы,389.535,389.575
5553,м,389.575,389.615
5554,к,389.615,389.695
5555,а,389.695,389.775
5556, ,389.775,389.815
5557,в,389.815,389.855
5558,д,389.855,389.935
5559,а,389.935,390.015
5560,л,390.015,390.135
5561,и,390.135,390.255
5562,",",390.255,390.415
5563, ,390.415,390.495
5564,о,390.495,390.535
5565,с,390.535,390.575
5566,в,390.575,390.708
5567,е,390.708,390.842
5568,щ,390.842,390.975
5569,е,390.975,391.055
5570,н,391.055,391.135
5571,и,391.135,391.215
5572,е,391.215,391.295
5573,",",391.295,391.455
5574, ,391.455,391.615
5575,т,391.615,391.655
5576,о,391.655,391.695
5577,",",391.695,391.735
5578, ,391.735,391.775
5579,к,391.775,391.855
5580,а,391.855,391.895
5581,к,391.895,391.935
5582, ,391.935,392.055
5583,м,392.055,392.095
5584,и,392.095,392.135
5585,р,392.135,392.175
5586, ,392.175,392.255
5587,р,392.255,392.295
5588,а,392.295,392.335
5589,с,392.335,392.388
5590,т,392.388,392.442
5591,в,392.442,392.495
5592,о,392.495,392.535
5593,р,392.535,392.575
5594,я,392.575,392.655
5595,е,392.655,392.695
5596,т,392.695,392.735
5597,с,392.735,392.775
5598,я,392.775,392.815
5599, ,392.815,392.895
5600,у,392.895,392.935
5601, ,392.935,392.975
5602,г,392.975,393.028
5603,о,393.028,393.082
5604,р,393.082,393.135
5605,и,393.135,393.215
5606,з,393.215,393.295
5607,о,393.295,393.375
5608,н,393.375,393.455
5609,т,393.455,393.575
5610,а,393.575,393.695
5611,",",393.695,393.775
5612, ,393.775,394.014
5613,—,394.014,394.054
5614, ,394.054,394.094
5615,в,394.094,394.174
5616,с,394.174,394.214
5617,ё,394.214,394.254
5618, ,394.254,394.334
5619,э,394.334,394.414
5620,т,394.414,394.454
5621,о,394.454,394.494
5622, ,394.494,394.614
5623,п,394.614,394.654
5624,р,394.654,394.694
5625,и,394.694,394.734
5626,д,394.734,394.787
5627,у,394.787,394.841
5628,м,394.841,394.894
5629,а,394.894,394.934
5630,н,394.934,394.974
5631,о,394.974,395.054
5632,",",395.054,395.094
5633, ,395.094,395.134
5634,ч,395.134,395.174
5635,т,395.174,395.214
5636,о,395.214,395.267
5637,б,395.267,395.321
5638,ы,395.321,395.374
5639, ,395.374,395.454
5640,с,395.454,395.494
5641,к,395.494,395.534
5642,р,395.534,395.614
5643,ы,395.614,395.694
5644,т,395.694,395.734
5645,ь,395.734,395.774
5646, ,395.774,395.854
5647,о,395.854,395.894
5648,г,395.894,395.934
5649,р,395.934,396.014
5650,а,396.014,396.067
5651,н,396.067,396.121
5652,и,396.121,396.174
5653,ч,396.174,396.254
5654,е,396.254,396.354
5655,н,396.354,396.454
5656,и,396.454,396.554
5657,я,396.554,396.654
5658,.,396.654,396.854
5659,"
",396.854,397.054
5660,П,397.054,397.134
5661,р,397.134,397.174
5662,и,397.174,397.214
5663, ,397.214,397.254
5664,э,397.254,397.294
5665,т,397.294,397.374
5666,о,397.374,397.454
5667,м,397.454,397.534
5668, ,397.534,397.614
5669,м,397.614,397.667
5670,и,397.667,397.721
5671,р,397.721,397.774
5672, ,397.774,397.854
5673,н,397.854,397.894
5674,е,397.894,397.934
5675, ,397.934,398.054
5676,с,398.054,398.094
5677,т,398.094,398.134
5678,о,398.134,398.174
5679,и,398.174,398.254
5680,т,398.254,398.334
5681, ,398.334,398.374
5682,н,398.374,398.394
5683,а,398.394,398.414
5684, ,398.414,398.494
5685,м,398.494,398.554
5686,е,398.554,398.614
5687,с,398.614,398.674
5688,т,398.674,398.734
5689,е,398.734,398.894
5690,.,398.894,398.974
5691, ,398.974,399.294
5692,С,399.294,399.374
5693,у,399.374,399.414
5694,т,399.414,399.454
5695,к,399.454,399.534
5696,и,399.534,399.614
5697, ,399.614,399.641
5698,в,399.641,399.667
5699, ,399.667,399.694
5700,и,399.694,399.734
5701,г,399.734,399.774
5702,р,399.774,399.854
5703,е,399.854,399.934
5704, ,399.934,400.014
5705,и,400.014,400.054
5706,д,400.054,400.094
5707,у,400.094,400.134
5708,т,400.134,400.174
5709, ,400.174,400.254
5710,п,400.254,400.294
5711,р,400.294,400.334
5712,и,400.334,400.394
5713,м,400.394,400.454
5714,е,400.454,400.514
5715,р,400.514,400.574
5716,н,400.574,400.614
5717,о,400.614,400.654
5718, ,400.654,400.734
5719,4,400.734,401.134
5720,8,401.134,401.401
5721, ,401.401,401.454
5722,м,401.454,401.507
5723,и,401.507,401.561
5724,н,401.561,401.614
5725,у,401.614,401.654
5726,т,401.654,401.694
5727, ,401.694,401.774
5728,р,401.774,401.814
5729,е,401.814,401.854
5730,а,401.854,401.900
5731,л,401.900,401.945
5732,ь,401.945,401.991
5733,н,401.991,402.037
5734,о,402.037,402.083
5735,г,402.083,402.128
5736,о,402.128,402.174
5737, ,402.174,402.254
5738,в,402.254,402.314
5739,р,402.314,402.374
5740,е,402.374,402.434
5741,м,402.434,402.494
5742,е,402.494,402.574
5743,н,402.574,402.654
5744,и,402.654,402.734
5745,",",402.734,402.974
5746, ,402.974,403.054
5747,т,403.054,403.094
5748,о,403.094,403.134
5749, ,403.134,403.214
5750,е,403.214,403.234
5751,с,403.234,403.254
5752,т,403.254,403.274
5753,ь,403.274,403.294
5754, ,403.294,403.374
5755,к,403.374,403.454
5756,а,403.454,403.534
5757,ж,403.534,403.614
5758,д,403.614,403.694
5759,ы,403.694,403.734
5760,е,403.734,403.774
5761, ,403.774,403.854
5762,д,403.854,403.894
5763,в,403.894,403.914
5764,е,403.914,403.934
5765, ,403.934,404.014
5766,м,404.014,404.067
5767,и,404.067,404.121
5768,н,404.121,404.174
5769,у,404.174,404.254
5770,т,404.254,404.334
5771,ы,404.334,404.414
5772, ,404.414,404.494
5773,п,404.494,404.547
5774,р,404.547,404.601
5775,о,404.601,404.654
5776,х,404.654,404.718
5777,о,404.718,404.782
5778,д,404.782,404.846
5779,и,404.846,404.910
5780,т,404.910,404.974
5781, ,404.974,405.054
5782,о,405.054,405.134
5783,д,405.134,405.214
5784,и,405.214,405.294
5785,н,405.294,405.374
5786, ,405.374,405.454
5787,и,405.454,405.494
5788,г,405.494,405.534
5789,р,405.534,405.614
5790,о,405.614,405.694
5791,в,405.694,405.774
5792,о,405.774,405.814
5793,й,405.814,405.854
5794, ,405.854,405.934
5795,ч,405.934,406.067
5796,а,406.067,406.201
5797,с,406.201,406.334
5798,.,406.334,406.574
5799,С,406.628,406.788
5800,в,406.788,406.841
5801,е,406.841,406.895
5802,т,406.895,406.948
5803,а,406.948,407.081
5804,е,407.081,407.215
5805,т,407.215,407.348
5806,",",407.348,407.588
5807, ,407.588,407.668
5808,з,407.668,407.748
5809,а,407.748,407.788
5810,ж,407.788,407.828
5811,и,407.828,407.868
5812,г,407.868,407.908
5813,а,407.908,407.972
5814,ю,407.972,408.036
5815,т,408.036,408.100
5816,с,408.100,408.164
5817,я,408.164,408.228
5818, ,408.228,408.268
5819,ф,408.268,408.308
5820,о,408.308,408.388
5821,н,408.388,408.468
5822,а,408.468,408.548
5823,р,408.548,408.668
5824,и,408.668,408.788
5825,",",408.788,408.948
5826, ,408.948,409.028
5827,м,409.028,409.081
5828,е,409.081,409.135
5829,н,409.135,409.188
5830,я,409.188,409.268
5831,е,409.268,409.328
5832,т,409.328,409.388
5833,с,409.388,409.448
5834,я,409.448,409.508
5835, ,409.508,409.588
5836,т,409.588,409.748
5837,р,409.748,409.801
5838,а,409.801,409.855
5839,ф,409.855,409.908
5840,и,409.908,410.028
5841,к,410.028,410.148
5842,",",410.148,410.308
5843, ,410.308,410.388
5844,н,410.388,410.428
5845,а,410.428,410.468
5846, ,410.468,410.548
5847,у,410.548,410.668
5848,л,410.668,410.708
5849,и,410.708,410.748
5850,ц,410.748,410.788
5851,ы,410.788,410.868
5852, ,410.868,410.948
5853,в,410.948,410.988
5854,ы,410.988,411.028
5855,х,411.028,411.076
5856,о,411.076,411.124
5857,д,411.124,411.172
5858,я,411.172,411.220
5859,т,411.220,411.268
5860, ,411.268,411.347
5861,д,411.347,411.467
5862,р,411.467,411.507
5863,у,411.507,411.547
5864,г,411.547,411.587
5865,и,411.587,411.667
5866,е,411.667,411.747
5867, ,411.747,411.827
5868,л,411.827,411.867
5869,ю,411.867,411.907
5870,д,411.907,412.027
5871,и,412.027,412.147
5872,.,412.147,412.227
5873, ,412.227,412.627
5874,А,412.627,412.707
5875, ,412.707,412.787
5876,п,412.787,412.814
5877,о,412.814,412.840
5878,д,412.840,412.867
5879, ,412.867,412.947
5880,в,412.947,413.000
5881,о,413.000,413.054
5882,д,413.054,413.107
5883,о,413.107,413.187
5884,й,413.187,413.267
5885, ,413.267,413.347
5886,п,413.347,413.407
5887,л,413.407,413.467
5888,а,413.467,413.527
5889,в,413.527,413.587
5890,а,413.587,413.667
5891,ю,413.667,413.747
5892,т,413.747,413.827
5893, ,413.827,413.907
5894,р,413.907,413.987
5895,ы,413.987,414.067
5896,б,414.067,414.187
5897,ы,414.187,414.307
5898,",",414.307,414.387
5899, ,414.387,414.467
5900,а,414.467,414.587
5901,к,414.587,414.707
5902,у,414.707,414.787
5903,л,414.787,414.907
5904,ы,414.907,415.027
5905, ,415.027,415.107
5906,и,415.107,415.147
5907, ,415.147,415.187
5908,д,415.187,415.247
5909,е,415.247,415.307
5910,л,415.307,415.367
5911,ь,415.367,415.427
5912,ф,415.427,415.507
5913,и,415.507,415.587
5914,н,415.587,415.707
5915,ы,415.707,415.827
5916,.,415.827,416.067
5917, ,416.067,416.307
5918,В,416.307,416.387
5919,с,416.387,416.427
5920,е,416.427,416.467
5921, ,416.467,416.547
5922,э,416.547,416.627
5923,т,416.627,416.667
5924,и,416.667,416.707
5925, ,416.707,416.827
5926,р,416.827,416.867
5927,а,416.867,416.907
5928,с,416.907,416.947
5929,ч,416.947,417.027
5930,ё,417.027,417.107
5931,т,417.107,417.147
5932,ы,417.147,417.187
5933, ,417.187,417.307
5934,л,417.307,417.347
5935,о,417.347,417.387
5936,ж,417.387,417.427
5937,а,417.427,417.507
5938,т,417.507,417.587
5939,с,417.587,417.627
5940,я,417.627,417.667
5941, ,417.667,417.747
5942,н,417.747,417.787
5943,а,417.787,417.827
5944, ,417.827,417.907
5945,т,417.907,417.987
5946,е,417.987,418.067
5947, ,418.067,418.147
5948,ж,418.147,418.187
5949,е,418.187,418.227
5950, ,418.227,418.307
5951,2,418.307,418.435
5952,5,418.435,418.531
5953,6,418.531,418.627
5954, ,418.627,418.707
5955,М,418.707,419.267
5956,Б,419.267,420.067
5957,.,420.067,420.307
5958,"
",420.307,420.547
5959,Н,420.547,420.627
5960,о,420.627,420.707
5961, ,420.707,420.787
5962,к,420.787,420.827
5963,р,420.827,420.867
5964,о,420.867,420.947
5965,м,420.947,421.027
5966,е,421.027,421.067
5967, ,421.067,421.107
5968,э,421.107,421.187
5969,т,421.187,421.227
5970,и,421.227,421.267
5971,х,421.267,421.307
5972, ,421.307,421.347
5973,т,421.347,421.387
5974,р,421.387,421.427
5975,ю,421.427,421.507
5976,к,421.507,421.587
5977,о,421.587,421.667
5978,в,421.667,421.747
5979, ,421.747,421.827
5980,и,421.827,421.887
5981,г,421.887,421.947
5982,р,421.947,422.007
5983,а,422.007,422.067
5984, ,422.067,422.147
5985,п,422.147,422.387
5986,о,422.387,422.435
5987,с,422.435,422.483
5988,т,422.483,422.531
5989,о,422.531,422.579
5990,я,422.579,422.627
5991,н,422.627,422.707
5992,н,422.707,422.747
5993,о,422.747,422.787
5994, ,422.787,422.867
5995,п,422.867,422.907
5996,ы,422.907,422.947
5997,т,422.947,423.027
5998,а,423.027,423.075
5999,е,423.075,423.123
6000,т,423.123,423.171
6001,с,423.171,423.219
6002,я,423.219,423.267
6003, ,423.267,423.347
6004,п,423.347,423.427
6005,р,423.427,423.454
6006,е,423.454,423.480
6007,д,423.480,423.507
6008,с,423.507,423.587
6009,к,423.587,423.654
6010,а,423.654,423.720
6011,з,423.720,423.787
6012,а,423.787,423.854
6013,т,423.854,423.920
6014,ь,423.920,423.987
6015,",",423.987,424.027
6016, ,424.027,424.067
6017,ч,424.067,424.120
6018,т,424.120,424.174
6019,о,424.174,424.227
6020, ,424.227,424.307
6021,в,424.307,424.347
6022,ы,424.347,424.387
6023, ,424.387,424.467
6024,с,424.467,424.494
6025,о,424.494,424.520
6026,б,424.520,424.547
6027,и,424.547,424.627
6028,р,424.627,424.707
6029,а,424.707,424.787
6030,е,424.787,424.835
6031,т,424.835,424.883
6032,е,424.883,424.931
6033,с,424.931,424.979
6034,ь,424.979,425.027
6035, ,425.027,425.107
6036,с,425.107,425.187
6037,д,425.187,425.267
6038,е,425.267,425.347
6039,л,425.347,425.427
6040,а,425.427,425.480
6041,т,425.480,425.534
6042,ь,425.534,425.587
6043,",",425.587,425.747
6044, ,425.747,425.787
6045,ч,425.787,425.827
6046,т,425.827,425.907
6047,о,425.907,425.934
6048,б,425.934,425.960
6049,ы,425.960,425.987
6050, ,425.987,426.067
6051,п,426.067,426.094
6052,о,426.094,426.120
6053,д,426.120,426.147
6054,г,426.147,426.195
6055,о,426.195,426.243
6056,т,426.243,426.291
6057,о,426.291,426.339
6058,в,426.339,426.387
6059,и,426.387,426.440
6060,т,426.440,426.494
6061,ь,426.494,426.547
6062, ,426.547,426.627
6063,м,426.627,426.680
6064,и,426.680,426.734
6065,р,426.734,426.787
6066, ,426.787,426.867
6067,д,426.867,426.947
6068,о,426.947,427.027
6069, ,427.027,427.107
6070,т,427.107,427.187
6071,о,427.187,427.267
6072,г,427.267,427.347
6073,о,427.347,427.427
6074,",",427.427,427.507
6075, ,427.507,427.747
6076,к,427.747,427.827
6077,а,427.827,427.867
6078,к,427.867,427.907
6079, ,427.907,427.947
6080,в,427.947,427.967
6081,ы,427.967,427.987
6082, ,427.987,428.067
6083,д,428.067,428.107
6084,о,428.107,428.147
6085, ,428.147,428.267
6086,н,428.267,428.297
6087,е,428.297,428.327
6088,г,428.327,428.357
6089,о,428.357,428.387
6090, ,428.387,428.467
6091,д,428.467,428.494
6092,о,428.494,428.520
6093,б,428.520,428.547
6094,е,428.547,428.587
6095,р,428.587,428.627
6096,ё,428.627,428.707
6097,т,428.707,428.787
6098,е,428.787,428.867
6099,с,428.867,428.947
6100,ь,428.947,429.027
6101,.,429.027,429.107
6102, ,429.107,429.507
6103,В,429.507,429.587
6104,м,429.587,429.627
6105,е,429.627,429.667
6106,с,429.667,429.707
6107,т,429.707,429.747
6108,о,429.747,429.827
6109, ,429.827,429.907
6110,т,429.907,429.987
6111,о,429.987,430.014
6112,г,430.014,430.040
6113,о,430.040,430.067
6114, ,430.067,430.147
6115,ч,430.147,430.200
6116,т,430.200,430.254
6117,о,430.254,430.271
6118,б,430.271,430.289
6119,ы,430.289,430.307
6120, ,430.307,430.387
6121,з,430.387,430.467
6122,а,430.467,430.507
6123,г,430.507,430.547
6124,р,430.547,430.600
6125,у,430.600,430.654
6126,ж,430.654,430.707
6127,а,430.707,430.760
6128,т,430.760,430.814
6129,ь,430.814,430.867
6130, ,430.867,430.947
6131,в,430.947,431.027
6132,с,431.027,431.107
6133,ё,431.107,431.187
6134,",",431.187,431.226
6135, ,431.226,431.266
6136,к,431.266,431.346
6137,о,431.346,431.366
6138,г,431.366,431.386
6139,д,431.386,431.406
6140,а,431.406,431.426
6141, ,431.426,431.506
6142,в,431.506,431.546
6143,ы,431.546,431.586
6144, ,431.586,431.666
6145,п,431.666,431.719
6146,р,431.719,431.773
6147,и,431.773,431.826
6148,е,431.826,431.906
6149,х,431.906,431.986
6150,а,431.986,432.066
6151,л,432.066,432.146
6152,и,432.146,432.226
6153,",",432.226,432.306
6154, ,432.306,432.546
6155,о,432.546,432.599
6156,н,432.599,432.653
6157,а,432.653,432.706
6158, ,432.706,432.786
6159,в,432.786,432.866
6160,с,432.866,432.906
6161,ё,432.906,432.946
6162, ,432.946,433.026
6163,в,433.026,433.066
6164,р,433.066,433.106
6165,е,433.106,433.146
6166,м,433.146,433.186
6167,я,433.186,433.266
6168, ,433.266,433.346
6169,у,433.346,433.426
6170,г,433.426,433.506
6171,а,433.506,433.586
6172,д,433.586,433.666
6173,ы,433.666,433.730
6174,в,433.730,433.794
6175,а,433.794,433.858
6176,е,433.858,433.922
6177,т,433.922,433.986
6178,",",433.986,434.039
6179, ,434.039,434.093
6180,к,434.093,434.119
6181,у,434.119,434.146
6182,д,434.146,434.186
6183,а,434.186,434.226
6184, ,434.226,434.266
6185,в,434.266,434.286
6186,ы,434.286,434.306
6187, ,434.306,434.386
6188,н,434.386,434.426
6189,а,434.426,434.446
6190,п,434.446,434.466
6191,р,434.466,434.519
6192,а,434.519,434.573
6193,в,434.573,434.626
6194,л,434.626,434.706
6195,я,434.706,434.786
6196,е,434.786,434.866
6197,т,434.866,434.946
6198,е,434.946,435.026
6199,с,435.026,435.106
6200,ь,435.106,435.186
6201,",",435.186,435.226
6202, ,435.226,435.266
6203,и,435.266,435.346
6204, ,435.346,435.426
6205,н,435.426,435.453
6206,а,435.453,435.479
6207,ч,435.479,435.506
6208,и,435.506,435.559
6209,н,435.559,435.613
6210,а,435.613,435.666
6211,е,435.666,435.746
6212,т,435.746,435.826
6213, ,435.826,435.866
6214,з,435.866,435.906
6215,а,435.906,435.946
6216,г,435.946,435.986
6217,р,435.986,436.066
6218,у,436.066,436.146
6219,з,436.146,436.226
6220,к,436.226,436.306
6221,у,436.306,436.386
6222, ,436.386,436.426
6223,в,436.426,436.466
6224, ,436.466,436.506
6225,э,436.506,436.546
6226,т,436.546,436.599
6227,о,436.599,436.653
6228,м,436.653,436.706
6229, ,436.706,436.759
6230,н,436.759,436.813
6231,а,436.813,436.839
6232,п,436.839,436.866
6233,р,436.866,436.919
6234,а,436.919,436.973
6235,в,436.973,437.026
6236,л,437.026,437.186
6237,е,437.186,437.226
6238,н,437.226,437.266
6239,и,437.266,437.306
6240,и,437.306,437.346
6241, ,437.346,437.426
6242,з,437.426,437.506
6243,а,437.506,437.546
6244,р,437.546,437.586
6245,а,437.586,437.666
6246,н,437.666,437.746
6247,е,437.746,437.866
6248,е,437.866,437.986
6249,.,437.986,438.186
6250, ,438.186,438.386
6251,К,438.386,438.506
6252,о,438.506,438.536
6253,г,438.536,438.566
6254,д,438.566,438.596
6255,а,438.596,438.626
6256, ,438.626,438.706
6257,в,438.706,438.746
6258,ы,438.746,438.786
6259, ,438.786,438.866
6260,е,438.866,438.906
6261,д,438.906,438.946
6262,е,438.946,438.999
6263,т,438.999,439.053
6264,е,439.053,439.106
6265, ,439.106,439.186
6266,п,439.186,439.226
6267,о,439.226,439.266
6268, ,439.266,439.346
6269,д,439.346,439.373
6270,о,439.373,439.399
6271,р,439.399,439.426
6272,о,439.426,439.506
6273,г,439.506,439.586
6274,е,439.586,439.746
6275,",",439.746,439.826
6276, ,439.826,439.906
6277,и,439.906,439.986
6278,г,439.986,440.066
6279,р,440.066,440.146
6280,а,440.146,440.226
6281, ,440.226,440.346
6282,у,440.346,440.406
6283,ж,440.406,440.466
6284,е,440.466,440.546
6285, ,440.546,440.706
6286,г,440.706,440.738
6287,о,440.738,440.770
6288,т,440.770,440.802
6289,о,440.802,440.834
6290,в,440.834,440.866
6291,и,440.866,440.946
6292,т,440.946,441.026
6293, ,441.026,441.106
6294,у,441.106,441.186
6295,л,441.186,441.239
6296,и,441.239,441.293
6297,ц,441.293,441.346
6298,ы,441.346,441.426
6299, ,441.426,441.466
6300,в,441.466,441.506
6301,п,441.506,441.570
6302,е,441.570,441.634
6303,р,441.634,441.698
6304,е,441.698,441.762
6305,д,441.762,441.826
6306,и,441.826,441.986
6307,.,441.986,442.226
6308, ,442.226,442.466
6309,Н,442.466,442.546
6310,о,442.546,442.626
6311, ,442.626,442.706
6312,е,442.706,442.786
6313,с,442.786,442.866
6314,л,442.866,442.906
6315,и,442.906,442.946
6316, ,442.946,442.986
6317,в,442.986,443.006
6318,ы,443.006,443.026
6319, ,443.026,443.106
6320,в,443.106,443.146
6321,н,443.146,443.186
6322,е,443.186,443.266
6323,з,443.266,443.346
6324,а,443.346,443.426
6325,п,443.426,443.506
6326,н,443.506,443.546
6327,о,443.546,443.586
6328, ,443.586,443.666
6329,п,443.666,443.693
6330,о,443.693,443.719
6331,в,443.719,443.746
6332,е,443.746,443.786
6333,р,443.786,443.826
6334,н,443.826,443.906
6335,у,443.906,443.986
6336,л,443.986,444.066
6337,и,444.066,444.146
6338,",",444.146,444.226
6339, ,444.226,444.466
6340,с,444.466,444.519
6341,и,444.519,444.573
6342,с,444.573,444.626
6343,т,444.626,444.679
6344,е,444.679,444.733
6345,м,444.733,444.786
6346,а,444.786,444.946
6347, ,444.946,445.026
6348,б,445.026,445.066
6349,ы,445.066,445.106
6350,с,445.106,445.146
6351,т,445.146,445.186
6352,р,445.186,445.226
6353,о,445.226,445.266
6354, ,445.266,445.346
6355,п,445.346,445.373
6356,е,445.373,445.399
6357,р,445.399,445.426
6358,е,445.426,445.466
6359,к,445.466,445.506
6360,л,445.506,445.586
6361,ю,445.586,445.666
6362,ч,445.666,445.746
6363,а,445.746,445.826
6364,е,445.826,445.906
6365,т,445.906,445.986
6366,с,445.986,446.066
6367,я,446.066,446.146
6368,",",446.146,446.226
6369, ,446.226,446.306
6370,н,446.306,446.359
6371,а,446.359,446.413
6372,ч,446.413,446.466
6373,и,446.466,446.519
6374,н,446.519,446.573
6375,а,446.573,446.626
6376,е,446.626,446.666
6377,т,446.666,446.706
6378, ,446.706,446.866
6379,г,446.866,446.898
6380,о,446.898,446.930
6381,т,446.930,446.962
6382,о,446.962,446.994
6383,в,446.994,447.026
6384,и,447.026,447.079
6385,т,447.079,447.133
6386,ь,447.133,447.186
6387, ,447.186,447.306
6388,н,447.306,447.346
6389,о,447.346,447.386
6390,в,447.386,447.426
6391,у,447.426,447.506
6392,ю,447.506,447.586
6393, ,447.586,447.666
6394,о,447.666,447.746
6395,б,447.746,447.826
6396,л,447.826,447.866
6397,а,447.866,447.906
6398,с,447.906,447.959
6399,т,447.959,448.013
6400,ь,448.013,448.066
6401, ,448.066,448.306
6402,и,448.306,448.466
6403, ,448.466,448.546
6404,т,448.546,448.626
6405,и,448.626,448.706
6406,х,448.706,448.786
6407,о,448.786,448.866
6408, ,448.866,449.026
6409,б,449.026,449.066
6410,р,449.066,449.106
6411,о,449.106,449.146
6412,с,449.146,449.186
6413,а,449.186,449.239
6414,е,449.239,449.293
6415,т,449.293,449.346
6416, ,449.346,449.426
6417,р,449.426,449.474
6418,а,449.474,449.522
6419,б,449.522,449.570
6420,о,449.570,449.618
6421,т,449.618,449.666
6422,у,449.666,449.746
6423, ,449.746,449.786
6424,н,449.786,449.826
6425,а,449.826,449.866
6426,д,449.866,449.906
6427, ,449.906,449.986
6428,с,449.986,450.026
6429,т,450.026,450.066
6430,а,450.066,450.146
6431,р,450.146,450.226
6432,о,450.226,450.306
6433,й,450.306,450.386
6434,.,450.386,450.626
6435, ,450.626,450.866
6436,Н,450.866,450.906
6437,а,450.906,450.946
6438, ,450.946,451.026
6439,P,451.026,451.106
6440,S,451.106,451.265
6441,3,451.265,451.425
6442, ,451.425,451.585
6443,э,451.585,451.665
6444,т,451.665,451.705
6445,о,451.705,451.745
6446, ,451.745,451.825
6447,к,451.825,451.905
6448,р,451.905,451.958
6449,а,451.958,452.012
6450,й,452.012,452.065
6451,н,452.065,452.145
6452,е,452.145,452.225
6453, ,452.225,452.265
6454,в,452.265,452.305
6455,а,452.305,452.425
6456,ж,452.425,452.545
6457,н,452.545,452.625
6458,о,452.625,452.705
6459,",",452.705,452.785
6460, ,452.785,452.865
6461,п,452.865,452.892
6462,о,452.892,452.918
6463,т,452.918,452.945
6464,о,452.945,452.998
6465,м,452.998,453.052
6466,у,453.052,453.105
6467, ,453.105,453.185
6468,ч,453.185,453.212
6469,т,453.212,453.238
6470,о,453.238,453.265
6471, ,453.265,453.305
6472,ж,453.305,453.345
6473,ё,453.345,453.425
6474,с,453.425,453.465
6475,т,453.465,453.505
6476,к,453.505,453.558
6477,и,453.558,453.612
6478,й,453.612,453.665
6479, ,453.665,453.745
6480,д,453.745,453.865
6481,и,453.865,453.905
6482,с,453.905,453.945
6483,к,453.945,453.985
6484, ,453.985,454.065
6485,и,454.065,454.105
6486, ,454.105,454.145
6487,B,454.145,454.185
6488,l,454.185,454.225
6489,u,454.225,454.305
6490,-,454.305,454.385
6491,r,454.385,454.465
6492,a,454.465,454.545
6493,y,454.545,454.625
6494, ,454.625,454.705
6495,д,454.705,454.732
6496,о,454.732,454.758
6497,в,454.758,454.785
6498,о,454.785,454.838
6499,л,454.838,454.892
6500,ь,454.892,454.945
6501,н,454.945,454.985
6502,о,454.985,455.025
6503, ,455.025,455.105
6504,м,455.105,455.158
6505,е,455.158,455.212
6506,д,455.212,455.265
6507,л,455.265,455.318
6508,е,455.318,455.372
6509,н,455.372,455.425
6510,н,455.425,455.505
6511,ы,455.505,455.585
6512,е,455.585,455.665
6513,.,455.665,455.865
6514, ,455.865,456.065
6515,И,456.065,456.145
6516,г,456.145,456.225
6517,р,456.225,456.265
6518,а,456.265,456.305
6519, ,456.305,456.385
6520,н,456.385,456.465
6521,е,456.465,456.545
6522, ,456.545,456.625
6523,м,456.625,456.652
6524,о,456.652,456.678
6525,ж,456.678,456.705
6526,е,456.705,456.785
6527,т,456.785,456.865
6528, ,456.865,456.905
6529,п,456.905,456.945
6530,о,456.945,456.998
6531,з,456.998,457.052
6532,в,457.052,457.105
6533,о,457.105,457.145
6534,л,457.145,457.185
6535,и,457.185,457.212
6536,т,457.212,457.238
6537,ь,457.238,457.265
6538, ,457.265,457.345
6539,с,457.345,457.425
6540,е,457.425,457.465
6541,б,457.465,457.505
6542,е,457.505,457.545
6543, ,457.545,457.585
6544,ж,457.585,457.665
6545,д,457.665,457.745
6546,а,457.745,457.825
6547,т,457.825,457.905
6548,ь,457.905,457.985
6549, ,457.985,458.025
6550,и,458.025,458.065
6551, ,458.065,458.145
6552,с,458.145,458.195
6553,м,458.195,458.245
6554,о,458.245,458.295
6555,т,458.295,458.345
6556,р,458.345,458.395
6557,е,458.395,458.445
6558,т,458.445,458.495
6559,ь,458.495,458.545
6560,",",458.545,458.585
6561, ,458.585,458.625
6562,ч,458.625,458.705
6563,т,458.705,458.785
6564,о,458.785,458.865
6565, ,458.865,458.985
6566,б,458.985,459.025
6567,у,459.025,459.065
6568,д,459.065,459.105
6569,е,459.105,459.185
6570,т,459.185,459.265
6571,.,459.265,459.425
6572, ,459.425,459.585
6573,Е,459.585,459.665
6574,й,459.665,459.745
6575, ,459.745,459.785
6576,н,459.785,459.825
6577,у,459.825,459.865
6578,ж,459.865,459.905
6579,н,459.905,459.985
6580,о,459.985,460.065
6581, ,460.065,460.105
6582,в,460.105,460.145
6583,с,460.145,460.225
6584,е,460.225,460.305
6585,г,460.305,460.385
6586,д,460.385,460.465
6587,а,460.465,460.545
6588, ,460.545,460.625
6589,б,460.625,460.665
6590,ы,460.665,460.705
6591,т,460.705,460.745
6592,ь,460.745,460.785
6593, ,460.785,460.825
6594,н,460.825,460.845
6595,а,460.845,460.865
6596, ,460.865,460.945
6597,ш,460.945,461.025
6598,а,461.025,461.105
6599,г,461.105,461.185
6600, ,461.185,461.225
6601,в,461.225,461.265
6602,п,461.265,461.329
6603,е,461.329,461.393
6604,р,461.393,461.457
6605,е,461.457,461.521
6606,д,461.521,461.585
6607,и,461.585,461.745
6608,.,461.745,461.945
6609, ,461.945,462.145
6610,И,462.145,462.225
6611, ,462.225,462.385
6612,C,462.385,462.425
6613,e,462.425,462.465
6614,l,462.465,462.505
6615,l,462.505,462.545
6616, ,462.545,462.625
6617,B,462.625,462.673
6618,r,462.673,462.721
6619,o,462.721,462.769
6620,a,462.769,462.817
6621,d,462.817,462.865
6622,b,462.865,462.905
6623,a,462.905,462.945
6624,n,462.945,462.985
6625,d,462.985,463.025
6626, ,463.025,463.185
6627,E,463.185,463.238
6628,n,463.238,463.292
6629,g,463.292,463.345
6630,i,463.345,463.398
6631,n,463.398,463.452
6632,e,463.452,463.505
6633, ,463.505,463.545
6634,п,463.545,463.585
6635,о,463.585,463.625
6636,м,463.625,463.665
6637,о,463.665,463.745
6638,г,463.745,463.825
6639,а,463.825,463.878
6640,е,463.878,463.932
6641,т,463.932,463.985
6642, ,463.985,464.065
6643,э,464.065,464.105
6644,т,464.105,464.145
6645,и,464.145,464.185
6646,м,464.185,464.225
6647, ,464.225,464.305
6648,у,464.305,464.505
6649,п,464.505,464.538
6650,р,464.538,464.572
6651,а,464.572,464.605
6652,в,464.605,464.638
6653,л,464.638,464.672
6654,я,464.672,464.705
6655,т,464.705,464.785
6656,ь,464.785,464.865
6657,",",464.865,465.025
6658, ,465.025,465.185
6659,п,465.185,465.345
6660,о,465.345,465.377
6661,с,465.377,465.409
6662,т,465.409,465.441
6663,о,465.441,465.473
6664,я,465.473,465.505
6665,н,465.505,465.585
6666,н,465.585,465.625
6667,о,465.625,465.665
6668, ,465.665,465.745
6669,о,465.745,465.785
6670,б,465.785,465.825
6671,н,465.825,465.878
6672,о,465.878,465.932
6673,в,465.932,465.985
6674,л,465.985,466.025
6675,я,466.025,466.065
6676,я,466.065,466.145
6677, ,466.145,466.185
6678,с,466.185,466.225
6679,п,466.225,466.278
6680,и,466.278,466.332
6681,с,466.332,466.385
6682,о,466.385,466.465
6683,к,466.465,466.545
6684, ,466.545,466.625
6685,т,466.625,466.785
6686,о,466.785,466.838
6687,г,466.838,466.892
6688,о,466.892,466.945
6689,",",466.945,467.025
6690, ,467.025,467.105
6691,ч,467.105,467.158
6692,т,467.158,467.212
6693,о,467.212,467.265
6694, ,467.265,467.345
6695,д,467.345,467.425
6696,о,467.425,467.452
6697,л,467.452,467.478
6698,ж,467.478,467.505
6699,н,467.505,467.585
6700,о,467.585,467.665
6701, ,467.665,467.705
6702,б,467.705,467.725
6703,ы,467.725,467.745
6704,т,467.745,467.785
6705,ь,467.785,467.825
6706, ,467.825,467.905
6707,г,467.905,467.969
6708,о,467.969,468.033
6709,т,468.033,468.097
6710,о,468.097,468.161
6711,в,468.161,468.225
6712,о,468.225,468.545
6713,.,468.545,468.625
6714,Э,468.692,468.852
6715,т,468.852,468.892
6716,о,468.892,468.932
6717, ,468.932,468.972
6718,п,468.972,469.012
6719,о,469.012,469.092
6720,с,469.092,469.172
6721,т,469.172,469.252
6722,о,469.252,469.332
6723,я,469.332,469.412
6724,н,469.412,469.492
6725,н,469.492,469.545
6726,о,469.545,469.599
6727,е,469.599,469.652
6728, ,469.652,469.692
6729,п,469.692,469.732
6730,р,469.732,469.759
6731,е,469.759,469.785
6732,д,469.785,469.812
6733,с,469.812,469.891
6734,к,469.891,469.971
6735,а,469.971,470.051
6736,з,470.051,470.131
6737,а,470.131,470.211
6738,н,470.211,470.291
6739,и,470.291,470.371
6740,е,470.371,470.451
6741, ,470.451,470.491
6742,и,470.491,470.531
6743, ,470.531,470.611
6744,п,470.611,470.691
6745,р,470.691,470.744
6746,е,470.744,470.798
6747,д,470.798,470.851
6748,з,470.851,470.931
6749,а,470.931,470.971
6750,г,470.971,471.011
6751,р,471.011,471.091
6752,у,471.091,471.171
6753,з,471.171,471.251
6754,к,471.251,471.371
6755,а,471.371,471.491
6756, ,471.491,471.651
6757,—,471.651,471.691
6758, ,471.691,471.731
6759,о,471.731,471.811
6760,д,471.811,471.891
6761,н,471.891,471.931
6762,а,471.931,471.971
6763, ,471.971,472.011
6764,и,472.011,472.031
6765,з,472.031,472.051
6766, ,472.051,472.131
6767,г,472.131,472.191
6768,л,472.191,472.251
6769,а,472.251,472.311
6770,в,472.311,472.371
6771,н,472.371,472.424
6772,ы,472.424,472.478
6773,х,472.478,472.531
6774, ,472.531,472.611
6775,п,472.611,472.664
6776,р,472.664,472.718
6777,и,472.718,472.771
6778,ч,472.771,472.851
6779,и,472.851,472.931
6780,н,472.931,473.011
6781,",",473.011,473.091
6782, ,473.091,473.171
6783,п,473.171,473.198
6784,о,473.198,473.224
6785,ч,473.224,473.251
6786,е,473.251,473.291
6787,м,473.291,473.331
6788,у,473.331,473.411
6789, ,473.411,473.491
6790,м,473.491,473.544
6791,и,473.544,473.598
6792,р,473.598,473.651
6793, ,473.651,473.731
6794,о,473.731,473.771
6795,щ,473.771,473.811
6796,у,473.811,473.931
6797,щ,473.931,474.051
6798,а,474.051,474.099
6799,е,474.099,474.147
6800,т,474.147,474.195
6801,с,474.195,474.243
6802,я,474.243,474.291
6803, ,474.291,474.331
6804,т,474.331,474.371
6805,а,474.371,474.411
6806,к,474.411,474.451
6807,и,474.451,474.531
6808,м,474.531,474.611
6809, ,474.611,474.691
6810,п,474.691,474.771
6811,л,474.771,474.851
6812,а,474.851,474.931
6813,в,474.931,475.011
6814,н,475.011,475.091
6815,ы,475.091,475.171
6816,м,475.171,475.251
6817,",",475.251,475.571
6818, ,475.571,475.691
6819,х,475.691,475.731
6820,о,475.731,475.771
6821,т,475.771,475.811
6822,я,475.811,475.891
6823, ,475.891,475.971
6824,ж,475.971,476.051
6825,е,476.051,476.091
6826,л,476.091,476.131
6827,е,476.131,476.211
6828,з,476.211,476.291
6829,о,476.291,476.371
6830, ,476.371,476.411
6831,в,476.411,476.451
6832, ,476.451,476.491
6833,р,476.491,476.511
6834,е,476.511,476.531
6835,а,476.531,476.558
6836,л,476.558,476.584
6837,ь,476.584,476.611
6838,н,476.611,476.664
6839,о,476.664,476.718
6840,м,476.718,476.771
6841, ,476.771,476.851
6842,в,476.851,476.891
6843,р,476.891,476.931
6844,е,476.931,476.971
6845,м,476.971,477.011
6846,е,477.011,477.064
6847,н,477.064,477.118
6848,и,477.118,477.171
6849, ,477.171,477.251
6850,п,477.251,477.331
6851,о,477.331,477.411
6852,с,477.411,477.491
6853,т,477.491,477.571
6854,о,477.571,477.651
6855,я,477.651,477.731
6856,н,477.731,477.811
6857,н,477.811,477.851
6858,о,477.851,477.891
6859, ,477.891,478.051
6860,е,478.051,478.104
6861,л,478.104,478.158
6862,е,478.158,478.211
6863, ,478.211,478.291
6864,с,478.291,478.331
6865,п,478.331,478.371
6866,р,478.371,478.398
6867,а,478.398,478.424
6868,в,478.424,478.451
6869,л,478.451,478.531
6870,я,478.531,478.611
6871,е,478.611,478.711
6872,т,478.711,478.811
6873,с,478.811,478.911
6874,я,478.911,479.011
6875,.,479.011,479.291
6876,"
",479.291,479.571
6877,Н,479.571,479.651
6878,о,479.651,479.731
6879, ,479.731,479.811
6880,з,479.811,479.891
6881,а,479.891,479.971
6882, ,479.971,480.051
6883,в,480.051,480.131
6884,с,480.131,480.211
6885,ё,480.211,480.291
6886, ,480.291,480.371
6887,э,480.371,480.451
6888,т,480.451,480.491
6889,о,480.491,480.531
6890, ,480.531,480.651
6891,п,480.651,480.691
6892,р,480.691,480.731
6893,и,480.731,480.771
6894,ш,480.771,480.851
6895,л,480.851,480.891
6896,о,480.891,480.931
6897,с,480.931,480.971
6898,ь,480.971,481.011
6899, ,481.011,481.091
6900,з,481.091,481.171
6901,а,481.171,481.211
6902,п,481.211,481.251
6903,л,481.251,481.304
6904,а,481.304,481.358
6905,т,481.358,481.411
6906,и,481.411,481.518
6907,т,481.518,481.624
6908,ь,481.624,481.731
6909,.,481.731,481.811
6910, ,481.811,482.211
6911,Н,482.211,482.251
6912,а,482.251,482.291
6913, ,482.291,482.371
6914,P,482.371,482.451
6915,S,482.451,482.611
6916,3,482.611,482.771
6917, ,482.771,482.851
6918,G,482.851,483.011
6919,T,483.011,483.131
6920,A,483.131,483.251
6921, ,483.251,483.331
6922,5,483.331,483.491
6923, ,483.491,483.571
6924,р,483.571,483.619
6925,а,483.619,483.667
6926,б,483.667,483.715
6927,о,483.715,483.763
6928,т,483.763,483.811
6929,а,483.811,483.864
6930,е,483.864,483.918
6931,т,483.918,483.971
6932, ,483.971,484.051
6933,п,484.051,484.091
6934,р,484.091,484.131
6935,и,484.131,484.191
6936,м,484.191,484.251
6937,е,484.251,484.311
6938,р,484.311,484.371
6939,н,484.371,484.411
6940,о,484.411,484.451
6941, ,484.451,484.531
6942,в,484.531,484.571
6943, ,484.571,484.611
6944,7,484.611,484.904
6945,2,484.904,485.251
6946,0,485.251,485.571
6947,p,485.571,485.811
6948, ,485.811,485.971
6949,и,485.971,486.051
6950, ,486.051,486.131
6951,о,486.131,486.211
6952,к,486.211,486.291
6953,о,486.291,486.331
6954,л,486.331,486.371
6955,о,486.371,486.451
6956, ,486.451,486.531
6957,3,486.531,486.691
6958,0,486.691,486.931
6959, ,486.931,487.011
6960,к,487.011,487.091
6961,а,487.091,487.131
6962,д,487.131,487.171
6963,р,487.171,487.224
6964,о,487.224,487.278
6965,в,487.278,487.331
6966, ,487.331,487.371
6967,в,487.371,487.411
6968, ,487.411,487.491
6969,с,487.491,487.571
6970,е,487.571,487.611
6971,к,487.611,487.651
6972,у,487.651,487.731
6973,н,487.731,487.811
6974,д,487.811,487.891
6975,у,487.891,487.971
6976,",",487.971,488.371
6977, ,488.371,488.411
6978,а,488.411,488.451
6979, ,488.451,488.531
6980,в,488.531,488.571
6981, ,488.571,488.611
6982,с,488.611,488.691
6983,а,488.691,488.731
6984,м,488.731,488.771
6985,ы,488.771,488.811
6986,х,488.811,488.851
6987, ,488.851,488.931
6988,т,488.931,488.984
6989,я,488.984,489.038
6990,ж,489.038,489.091
6991,ё,489.091,489.171
6992,л,489.171,489.251
6993,ы,489.251,489.291
6994,х,489.291,489.331
6995, ,489.331,489.411
6996,с,489.411,489.491
6997,ц,489.491,489.571
6998,е,489.571,489.624
6999,н,489.624,489.678
7000,а,489.678,489.730
7001,х,489.730,489.810
7002, ,489.810,489.890
7003,ч,489.890,489.930
7004,а,489.930,489.970
7005,с,489.970,490.010
7006,т,490.010,490.050
7007,о,490.050,490.130
7008,т,490.130,490.210
7009,а,490.210,490.290
7010, ,490.290,490.370
7011,к,490.370,490.450
7012,а,490.450,490.490
7013,д,490.490,490.530
7014,р,490.530,490.583
7015,о,490.583,490.637
7016,в,490.637,490.690
7017, ,490.690,490.810
7018,п,490.810,490.840
7019,р,490.840,490.870
7020,о,490.870,490.900
7021,с,490.900,490.930
7022,е,490.930,491.010
7023,д,491.010,491.090
7024,а,491.090,491.197
7025,е,491.197,491.303
7026,т,491.303,491.410
7027,.,491.410,491.490
7028, ,491.490,491.890
7029,Т,491.890,492.050
7030,е,492.050,492.103
7031,н,492.103,492.157
7032,и,492.157,492.210
7033, ,492.210,492.250
7034,и,492.250,492.290
7035, ,492.290,492.370
7036,т,492.370,492.423
7037,е,492.423,492.477
7038,к,492.477,492.530
7039,с,492.530,492.570
7040,т,492.570,492.610
7041,у,492.610,492.690
7042,р,492.690,492.730
7043,ы,492.730,492.770
7044, ,492.770,492.810
7045,в,492.810,492.850
7046,д,492.850,492.930
7047,а,492.930,493.010
7048,л,493.010,493.090
7049,и,493.090,493.170
7050, ,493.170,493.210
7051,п,493.210,493.230
7052,р,493.230,493.250
7053,о,493.250,493.370
7054,щ,493.370,493.490
7055,е,493.490,493.570
7056,",",493.570,493.610
7057, ,493.610,493.650
7058,ч,493.650,493.677
7059,е,493.677,493.703
7060,м,493.703,493.730
7061, ,493.730,493.810
7062,н,493.810,493.850
7063,а,493.850,493.890
7064, ,493.890,493.970
7065,н,493.970,493.997
7066,о,493.997,494.023
7067,в,494.023,494.050
7068,ы,494.050,494.090
7069,х,494.090,494.130
7070, ,494.130,494.210
7071,к,494.210,494.263
7072,о,494.263,494.317
7073,н,494.317,494.370
7074,с,494.370,494.450
7075,о,494.450,494.530
7076,л,494.530,494.610
7077,я,494.610,494.690
7078,х,494.690,494.770
7079,.,494.770,494.850
7080, ,494.850,495.170
7081,З,495.170,495.250
7082,а,495.250,495.330
7083,т,495.330,495.410
7084,о,495.410,495.490
7085, ,495.490,495.650
7086,и,495.650,495.690
7087,г,495.690,495.730
7088,р,495.730,495.770
7089,а,495.770,495.810
7090, ,495.810,496.010
7091,р,496.010,496.050
7092,а,496.050,496.090
7093,б,496.090,496.130
7094,о,496.130,496.170
7095,т,496.170,496.210
7096,а,496.210,496.290
7097,е,496.290,496.370
7098,т,496.370,496.450
7099,",",496.450,496.610
7100, ,496.610,496.650
7101,и,496.650,496.690
7102, ,496.690,496.770
7103,э,496.770,496.850
7104,т,496.850,496.890
7105,о,496.890,496.930
7106, ,496.930,497.010
7107,г,497.010,497.070
7108,л,497.070,497.130
7109,а,497.130,497.190
7110,в,497.190,497.250
7111,н,497.250,497.330
7112,о,497.330,497.410
7113,е,497.410,497.490
7114,.,497.490,497.690
7115,"
",497.690,497.890
7116,Т,497.890,497.970
7117,а,497.970,498.010
7118,к,498.010,498.050
7119, ,498.050,498.130
7120,ч,498.130,498.183
7121,т,498.183,498.237
7122,о,498.237,498.290
7123,",",498.290,498.370
7124, ,498.370,498.490
7125,н,498.490,498.530
7126,е,498.530,498.570
7127,с,498.570,498.610
7128,м,498.610,498.650
7129,о,498.650,498.690
7130,т,498.690,498.730
7131,р,498.730,498.770
7132,я,498.770,498.850
7133, ,498.850,498.930
7134,н,498.930,498.950
7135,а,498.950,498.970
7136, ,498.970,499.010
7137,в,499.010,499.090
7138,с,499.090,499.130
7139,е,499.130,499.170
7140, ,499.170,499.250
7141,о,499.250,499.290
7142,г,499.290,499.330
7143,р,499.330,499.410
7144,а,499.410,499.490
7145,н,499.490,499.570
7146,и,499.570,499.650
7147,ч,499.650,499.850
7148,е,499.850,499.900
7149,н,499.900,499.950
7150,и,499.950,500.000
7151,я,500.000,500.050
7152,",",500.050,500.210
7153, ,500.210,500.290
7154,G,500.290,500.370
7155,T,500.370,500.530
7156,A,500.530,500.610
7157, ,500.610,500.690
7158,5,500.690,500.770
7159, ,500.770,500.930
7160,с,500.930,500.970
7161,т,500.970,501.010
7162,а,501.010,501.063
7163,л,501.063,501.117
7164,а,501.117,501.170
7165, ,501.170,501.250
7166,о,501.250,501.330
7167,д,501.330,501.410
7168,н,501.410,501.463
7169,о,501.463,501.517
7170,й,501.517,501.570
7171, ,501.570,501.650
7172,и,501.650,501.690
7173,з,501.690,501.730
7174, ,501.730,501.810
7175,с,501.810,501.890
7176,а,501.890,501.930
7177,м,501.930,501.970
7178,ы,501.970,502.050
7179,х,502.050,502.130
7180, ,502.130,502.183
7181,п,502.183,502.237
7182,о,502.237,502.263
7183,п,502.263,502.290
7184,у,502.290,502.370
7185,л,502.370,502.423
7186,я,502.423,502.477
7187,р,502.477,502.530
7188,н,502.530,502.610
7189,ы,502.610,502.690
7190,х,502.690,502.770
7191, ,502.770,502.850
7192,и,502.850,502.930
7193,г,502.930,503.010
7194,р,503.010,503.090
7195, ,503.090,503.130
7196,в,503.130,503.170
7197, ,503.170,503.290
7198,и,503.290,503.330
7199,с,503.330,503.370
7200,т,503.370,503.410
7201,о,503.410,503.490
7202,р,503.490,503.570
7203,и,503.570,503.690
7204,и,503.690,503.810
7205,.,503.810,504.050
7206, ,504.050,504.290
7207,Н,504.290,504.330
7208,о,504.330,504.370
7209, ,504.370,504.450
7210,ч,504.450,504.503
7211,т,504.503,504.557
7212,о,504.557,504.610
7213, ,504.610,504.650
7214,д,504.650,504.690
7215,е,504.690,504.754
7216,й,504.754,504.818
7217,с,504.818,504.882
7218,т,504.882,504.946
7219,в,504.946,505.010
7220,и,505.010,505.056
7221,т,505.056,505.101
7222,е,505.101,505.147
7223,л,505.147,505.193
7224,ь,505.193,505.239
7225,н,505.239,505.284
7226,о,505.284,505.330
7227, ,505.330,505.450
7228,п,505.450,505.490
7229,о,505.490,505.530
7230,д,505.530,505.570
7231,н,505.570,505.610
7232,я,505.610,505.650
7233,л,505.650,505.730
7234,о,505.730,505.810
7235, ,505.810,505.890
7236,е,505.890,505.970
7237,ё,505.970,506.050
7238, ,506.050,506.103
7239,н,506.103,506.157
7240,а,506.157,506.183
7241,д,506.183,506.210
7242, ,506.210,506.290
7243,п,506.290,506.317
7244,о,506.317,506.343
7245,ч,506.343,506.370
7246,т,506.370,506.450
7247,и,506.450,506.530
7248, ,506.530,506.610
7249,в,506.610,506.690
7250,с,506.690,506.770
7251,е,506.770,506.810
7252,м,506.810,506.850
7253,и,506.850,506.930
7254, ,506.930,507.010
7255,о,507.010,507.037
7256,с,507.037,507.063
7257,т,507.063,507.090
7258,а,507.090,507.143
7259,л,507.143,507.197
7260,ь,507.197,507.250
7261,н,507.250,507.310
7262,ы,507.310,507.370
7263,м,507.370,507.430
7264,и,507.430,507.490
7265, ,507.490,507.570
7266,и,507.570,507.650
7267,г,507.650,507.730
7268,р,507.730,507.783
7269,а,507.783,507.837
7270,м,507.837,507.890
7271,и,507.890,507.970
7272, ,507.970,508.370
7273,—,508.370,508.397
7274, ,508.397,508.423
7275,э,508.423,508.450
7276,т,508.450,508.530
7277,о,508.530,508.610
7278, ,508.610,508.650
7279,д,508.650,508.690
7280,о,508.690,508.770
7281,с,508.770,508.850
7282,т,508.850,508.930
7283,у,508.930,508.970
7284,п,508.970,509.010
7285,н,509.010,509.074
7286,о,509.074,509.138
7287,с,509.138,509.202
7288,т,509.202,509.266
7289,ь,509.266,509.330
7290, ,509.330,509.410
7291,н,509.410,509.450
7292,а,509.450,509.490
7293, ,509.490,509.530
7294,м,509.530,509.570
7295,н,509.570,509.649
7296,о,509.649,509.729
7297,ж,509.729,509.809
7298,е,509.809,509.849
7299,с,509.849,509.889
7300,т,509.889,509.929
7301,в,509.929,509.969
7302,е,509.969,510.049
7303, ,510.049,510.129
7304,к,510.129,510.182
7305,о,510.182,510.236
7306,н,510.236,510.289
7307,с,510.289,510.369
7308,о,510.369,510.449
7309,л,510.449,510.529
7310,е,510.529,510.609
7311,й,510.609,510.689
7312,.,510.689,510.929
7313, ,510.929,511.169
7314,С,511.169,511.249
7315,н,511.249,511.329
7316,а,511.329,511.409
7317,ч,511.409,511.489
7318,а,511.489,511.542
7319,л,511.542,511.596
7320,а,511.596,511.649
7321, ,511.649,511.729
7322,о,511.729,511.756
7323,н,511.756,511.782
7324,а,511.782,511.809
7325, ,511.809,511.889
7326,в,511.889,511.929
7327,ы,511.929,511.969
7328,ш,511.969,512.022
7329,л,512.022,512.076
7330,а,512.076,512.129
7331, ,512.129,512.209
7332,н,512.209,512.249
7333,а,512.249,512.289
7334, ,512.289,512.409
7335,P,512.409,512.439
7336,l,512.439,512.469
7337,a,512.469,512.499
7338,y,512.499,512.529
7339,S,512.529,512.586
7340,t,512.586,512.643
7341,a,512.643,512.700
7342,t,512.700,512.758
7343,i,512.758,512.815
7344,o,512.815,512.872
7345,n,512.872,512.929
7346, ,512.929,513.009
7347,3,513.009,513.169
7348, ,513.169,513.329
7349,и,513.329,513.409
7350, ,513.409,513.569
7351,X,513.569,513.729
7352,b,513.729,513.782
7353,o,513.782,513.836
7354,x,513.836,513.889
7355, ,513.889,513.969
7356,3,513.969,514.209
7357,6,514.209,514.529
7358,0,514.529,514.769
7359,.,514.769,515.049
7360, ,515.049,515.329
7361,Э,515.329,515.489
7362,т,515.489,515.529
7363,о,515.529,515.569
7364, ,515.569,515.609
7365,б,515.609,515.629
7366,ы,515.629,515.649
7367,л,515.649,515.729
7368, ,515.729,515.889
7369,п,515.889,515.969
7370,и,515.969,516.009
7371,к,516.009,516.049
7372, ,516.049,516.209
7373,и,516.209,516.249
7374,г,516.249,516.289
7375,р,516.289,516.409
7376,ы,516.409,516.529
7377,",",516.529,516.849
7378, ,516.849,516.929
7379,м,516.929,517.009
7380,и,517.009,517.049
7381,л,517.049,517.089
7382,л,517.089,517.129
7383,и,517.129,517.169
7384,о,517.169,517.249
7385,н,517.249,517.329
7386,ы,517.329,517.409
7387, ,517.409,517.489
7388,и,517.489,517.529
7389,г,517.529,517.569
7390,р,517.569,517.622
7391,о,517.622,517.676
7392,к,517.676,517.729
7393,о,517.729,517.809
7394,в,517.809,517.889
7395, ,517.889,517.969
7396,з,517.969,518.009
7397,а,518.009,518.049
7398,х,518.049,518.102
7399,о,518.102,518.156
7400,д,518.156,518.209
7401,и,518.209,518.262
7402,л,518.262,518.316
7403,и,518.316,518.369
7404, ,518.369,518.529
7405,к,518.529,518.649
7406,а,518.649,518.689
7407,ж,518.689,518.729
7408,д,518.729,518.769
7409,ы,518.769,518.809
7410,й,518.809,518.849
7411, ,518.849,518.929
7412,д,518.929,519.009
7413,е,519.009,519.089
7414,н,519.089,519.169
7415,ь,519.169,519.249
7416,.,519.249,519.449
7417, ,519.449,519.649
7418,Н,519.649,519.689
7419,о,519.689,519.729
7420, ,519.729,519.769
7421,в,519.769,519.809
7422, ,519.809,519.889
7423,о,519.889,519.929
7424,т,519.929,519.969
7425,л,519.969,520.022
7426,и,520.022,520.076
7427,ч,520.076,520.129
7428,и,520.129,520.169
7429,е,520.169,520.209
7430, ,520.209,520.249
7431,о,520.249,520.269
7432,т,520.269,520.289
7433, ,520.289,520.369
7434,б,520.369,520.389
7435,о,520.389,520.409
7436,л,520.409,520.429
7437,ь,520.429,520.449
7438,ш,520.449,520.529
7439,и,520.529,520.609
7440,н,520.609,520.689
7441,с,520.689,520.749
7442,т,520.749,520.809
7443,в,520.809,520.869
7444,а,520.869,520.929
7445, ,520.929,521.089
7446,и,521.089,521.169
7447,г,521.169,521.249
7448,р,521.249,521.329
7449,",",521.329,521.409
7450, ,521.409,521.489
7451,к,521.489,521.569
7452,о,521.569,521.589
7453,т,521.589,521.609
7454,о,521.609,521.629
7455,р,521.629,521.649
7456,ы,521.649,521.689
7457,е,521.689,521.729
7458, ,521.729,521.809
7459,о,521.809,521.836
7460,с,521.836,521.862
7461,т,521.862,521.889
7462,а,521.889,521.953
7463,ю,521.953,522.017
7464,т,522.017,522.081
7465,с,522.081,522.145
7466,я,522.145,522.209
7467, ,522.209,522.289
7468,п,522.289,522.329
7469,р,522.329,522.369
7470,и,522.369,522.409
7471,в,522.409,522.449
7472,я,522.449,522.529
7473,з,522.529,522.609
7474,а,522.609,522.649
7475,н,522.649,522.689
7476,ы,522.689,522.769
7477, ,522.769,522.809
7478,к,522.809,522.849
7479, ,522.849,522.969
7480,п,522.969,522.999
7481,л,522.999,523.029
7482,а,523.029,523.059
7483,т,523.059,523.089
7484,ф,523.089,523.129
7485,о,523.129,523.169
7486,р,523.169,523.209
7487,м,523.209,523.249
7488,е,523.249,523.329
7489, ,523.329,523.409
7490,з,523.409,523.489
7491,а,523.489,523.529
7492,п,523.529,523.569
7493,у,523.569,523.649
7494,с,523.649,523.729
7495,к,523.729,523.809
7496,а,523.809,523.889
7497,",",523.889,524.209
7498, ,524.209,524.289
7499,G,524.289,524.369
7500,T,524.369,524.529
7501,A,524.529,524.689
7502, ,524.689,524.769
7503,V,524.769,525.009
7504, ,525.009,525.089
7505,п,525.089,525.129
7506,р,525.129,525.169
7507,о,525.169,525.209
7508,д,525.209,525.249
7509,о,525.249,525.329
7510,л,525.329,525.409
7511,ж,525.409,525.489
7512,а,525.489,525.569
7513,л,525.569,525.649
7514,а,525.649,525.729
7515, ,525.729,525.809
7516,р,525.809,525.849
7517,а,525.849,525.889
7518,с,525.889,525.996
7519,т,525.996,526.102
7520,и,526.102,526.209
7521,.,526.209,526.449
7522, ,526.449,526.689
7523,В,526.689,526.769
7524, ,526.769,526.849
7525,н,526.849,526.889
7526,о,526.889,526.929
7527,я,526.929,526.969
7528,б,526.969,527.009
7529,р,527.009,527.049
7530,е,527.049,527.089
7531, ,527.089,527.169
7532,2,527.169,527.249
7533,0,527.249,527.369
7534,1,527.369,527.569
7535,4,527.569,527.649
7536, ,527.649,527.729
7537,г,527.729,528.236
7538,о,528.236,528.289
7539,д,528.289,528.649
7540,а,528.649,528.689
7541, ,528.689,528.849
7542,о,528.849,528.902
7543,н,528.902,528.956
7544,а,528.956,529.009
7545, ,529.009,529.089
7546,в,529.089,529.129
7547,ы,529.129,529.169
7548,ш,529.169,529.222
7549,л,529.222,529.276
7550,а,529.276,529.329
7551, ,529.329,529.409
7552,н,529.409,529.449
7553,а,529.449,529.489
7554, ,529.489,529.568
7555,P,529.568,529.648
7556,S,529.648,529.808
7557,4,529.808,530.208
7558, ,530.208,530.368
7559,и,530.368,530.448
7560, ,530.448,530.608
7561,X,530.608,530.688
7562,b,530.688,530.768
7563,o,530.768,530.848
7564,x,530.848,530.928
7565, ,530.928,531.088
7566,O,531.088,531.168
7567,n,531.168,531.248
7568,e,531.248,531.328
7569,",",531.328,531.728
7570, ,531.728,531.755
7571,в,531.755,531.781
7572, ,531.781,531.808
7573,2,531.808,532.008
7574,0,532.008,532.248
7575,1,532.248,532.428
7576,5,532.428,532.688
7577,-,532.688,532.848
7578,м,532.848,532.928
7579, ,532.928,533.088
7580,—,533.088,533.115
7581, ,533.115,533.141
7582,н,533.141,533.155
7583,а,533.155,533.168
7584, ,533.168,533.248
7585,П,533.248,533.328
7586,К,533.328,533.648
7587,",",533.648,534.048
7588, ,534.048,534.088
7589,а,534.088,534.128
7590, ,534.128,534.168
7591,в,534.168,534.208
7592, ,534.208,534.288
7593,2,534.288,534.488
7594,0,534.488,534.768
7595,2,534.768,535.008
7596,2,535.008,535.168
7597,-,535.168,535.408
7598,м,535.408,535.488
7599, ,535.488,535.808
7600,—,535.808,535.835
7601, ,535.835,535.861
7602,н,535.861,535.875
7603,а,535.875,535.888
7604, ,535.888,535.968
7605,P,535.968,536.008
7606,l,536.008,536.048
7607,a,536.048,536.088
7608,y,536.088,536.128
7609,S,536.128,536.185
7610,t,536.185,536.242
7611,a,536.242,536.299
7612,t,536.299,536.357
7613,i,536.357,536.414
7614,o,536.414,536.471
7615,n,536.471,536.528
7616, ,536.528,536.608
7617,5,536.608,536.768
7618, ,536.768,537.008
7619,и,537.008,537.088
7620, ,537.088,537.248
7621,X,537.248,537.408
7622,b,537.408,537.488
7623,o,537.488,537.568
7624,x,537.568,537.648
7625, ,537.648,537.728
7626,S,537.728,537.781
7627,e,537.781,537.835
7628,r,537.835,537.888
7629,i,537.888,537.941
7630,e,537.941,537.995
7631,s,537.995,538.048
7632, ,538.048,538.208
7633,X,538.208,538.528
7634,.,538.528,538.728
7635, ,538.728,538.928
7636,К,538.928,538.968
7637, ,538.968,539.008
7638,т,539.008,539.088
7639,о,539.088,539.141
7640,м,539.141,539.195
7641,у,539.195,539.248
7642, ,539.248,539.368
7643,в,539.368,539.398
7644,р,539.398,539.428
7645,е,539.428,539.458
7646,м,539.458,539.488
7647,е,539.488,539.568
7648,н,539.568,539.648
7649,и,539.648,539.728
7650, ,539.728,539.808
7651,и,539.808,539.888
7652,г,539.888,539.968
7653,р,539.968,540.048
7654,е,540.048,540.128
7655, ,540.128,540.208
7656,б,540.208,540.248
7657,ы,540.248,540.288
7658,л,540.288,540.328
7659,о,540.328,540.368
7660, ,540.368,540.448
7661,у,540.448,540.488
7662,ж,540.488,540.528
7663,е,540.528,540.608
7664, ,540.608,540.768
7665,б,540.768,540.828
7666,о,540.828,540.888
7667,л,540.888,540.948
7668,ь,540.948,541.008
7669,ш,541.008,541.048
7670,е,541.048,541.088
7671, ,541.088,541.168
7672,в,541.168,541.288
7673,о,541.288,541.328
7674,с,541.328,541.368
7675,ь,541.368,541.408
7676,м,541.408,541.448
7677,и,541.448,541.488
7678, ,541.488,541.648
7679,л,541.648,541.728
7680,е,541.728,541.808
7681,т,541.808,541.888
7682,.,541.888,542.208
7683,О,542.275,542.435
7684,н,542.435,542.475
7685,а,542.475,542.515
7686, ,542.515,542.595
7687,п,542.595,542.622
7688,е,542.622,542.648
7689,р,542.648,542.675
7690,е,542.675,542.755
7691,ж,542.755,542.835
7692,и,542.835,542.888
7693,л,542.888,542.942
7694,а,542.942,542.995
7695, ,542.995,543.075
7696,н,543.075,543.155
7697,е,543.155,543.235
7698,с,543.235,543.315
7699,к,543.315,543.435
7700,о,543.435,543.459
7701,л,543.459,543.483
7702,ь,543.483,543.507
7703,к,543.507,543.531
7704,о,543.531,543.555
7705, ,543.555,543.635
7706,э,543.635,543.715
7707,п,543.715,543.795
7708,о,543.795,543.875
7709,х,543.875,543.955
7710, ,543.955,544.035
7711,и,544.035,544.075
7712,г,544.075,544.115
7713,р,544.115,544.168
7714,о,544.168,544.222
7715,в,544.222,544.275
7716,о,544.275,544.315
7717,й,544.315,544.355
7718, ,544.355,544.435
7719,и,544.435,544.462
7720,н,544.462,544.488
7721,д,544.488,544.515
7722,у,544.515,544.568
7723,с,544.568,544.622
7724,т,544.622,544.675
7725,р,544.675,544.795
7726,и,544.795,544.915
7727,и,544.915,544.995
7728,:,544.995,545.315
7729, ,545.315,545.355
7730,с,545.355,545.395
7731, ,545.395,545.435
7732,к,545.435,545.475
7733,а,545.475,545.528
7734,ж,545.528,545.582
7735,д,545.582,545.635
7736,ы,545.635,545.675
7737,м,545.675,545.715
7738, ,545.715,545.795
7739,п,545.795,545.835
7740,о,545.835,545.855
7741,к,545.855,545.875
7742,о,545.875,545.955
7743,л,545.955,546.035
7744,е,546.035,546.099
7745,н,546.099,546.163
7746,и,546.163,546.227
7747,е,546.227,546.291
7748,м,546.291,546.355
7749, ,546.355,546.395
7750,к,546.395,546.435
7751, ,546.435,546.515
7752,н,546.515,546.542
7753,е,546.542,546.568
7754,й,546.568,546.595
7755, ,546.595,546.675
7756,п,546.675,546.702
7757,р,546.702,546.728
7758,и,546.728,546.755
7759,х,546.755,546.808
7760,о,546.808,546.862
7761,д,546.862,546.915
7762,и,546.915,546.968
7763,л,546.968,547.022
7764,и,547.022,547.075
7765, ,547.075,547.155
7766,н,547.155,547.235
7767,о,547.235,547.315
7768,в,547.315,547.395
7769,ы,547.395,547.435
7770,е,547.435,547.475
7771, ,547.475,547.555
7772,и,547.555,547.595
7773,г,547.595,547.635
7774,р,547.635,547.715
7775,о,547.715,547.795
7776,к,547.795,547.875
7777,и,547.875,548.035
7778,",",548.035,548.195
7779, ,548.195,548.234
7780,а,548.234,548.274
7781, ,548.274,548.354
7782,с,548.354,548.434
7783,т,548.434,548.514
7784,а,548.514,548.554
7785,р,548.554,548.594
7786,ы,548.594,548.674
7787,е,548.674,548.754
7788, ,548.754,548.874
7789,о,548.874,548.914
7790,с,548.914,548.954
7791,т,548.954,548.994
7792,а,548.994,549.074
7793,в,549.074,549.154
7794,а,549.154,549.218
7795,л,549.218,549.282
7796,и,549.282,549.346
7797,с,549.346,549.410
7798,ь,549.410,549.474
7799,.,549.474,549.554
7800, ,549.554,549.954
7801,П,549.954,550.034
7802,о,550.034,550.114
7803, ,550.114,550.154
7804,д,550.154,550.194
7805,а,550.194,550.234
7806,н,550.234,550.274
7807,н,550.274,550.314
7808,ы,550.314,550.354
7809,м,550.354,550.394
7810, ,550.394,550.434
7811,T,550.434,550.494
7812,a,550.494,550.554
7813,k,550.554,550.614
7814,e,550.614,550.674
7815,-,550.674,550.754
7816,T,550.754,550.834
7817,w,550.834,550.874
7818,o,550.874,550.914
7819,",",550.914,551.074
7820, ,551.074,551.114
7821,с,551.114,551.154
7822,е,551.154,551.207
7823,г,551.207,551.261
7824,о,551.261,551.314
7825,д,551.314,551.367
7826,н,551.367,551.421
7827,я,551.421,551.474
7828, ,551.474,551.554
7829,п,551.554,551.574
7830,р,551.574,551.594
7831,о,551.594,551.614
7832,д,551.614,551.634
7833,а,551.634,551.714
7834,н,551.714,551.794
7835,о,551.794,551.874
7836, ,551.874,551.994
7837,б,551.994,552.024
7838,о,552.024,552.054
7839,л,552.054,552.084
7840,ь,552.084,552.114
7841,ш,552.114,552.154
7842,е,552.154,552.194
7843, ,552.194,552.274
7844,2,552.274,552.474
7845,0,552.474,552.647
7846,0,552.647,552.754
7847, ,552.754,552.914
7848,м,552.914,552.954
7849,и,552.954,552.974
7850,л,552.974,552.994
7851,л,552.994,553.034
7852,и,553.034,553.074
7853,о,553.074,553.154
7854,н,553.154,553.234
7855,о,553.234,553.274
7856,в,553.274,553.314
7857, ,553.314,553.474
7858,к,553.474,553.554
7859,о,553.554,553.634
7860,п,553.634,553.714
7861,и,553.714,553.794
7862,й,553.794,553.874
7863,.,553.874,554.074
7864, ,554.074,554.274
7865,М,554.274,554.394
7866,о,554.394,554.424
7867,ж,554.424,554.454
7868,н,554.454,554.484
7869,о,554.484,554.514
7870, ,554.514,554.594
7871,п,554.594,554.647
7872,о,554.647,554.701
7873,д,554.701,554.754
7874,у,554.754,554.794
7875,м,554.794,554.834
7876,а,554.834,554.861
7877,т,554.861,554.887
7878,ь,554.887,554.914
7879,",",554.914,554.994
7880, ,554.994,555.114
7881,ч,555.114,555.154
7882,т,555.154,555.194
7883,о,555.194,555.234
7884, ,555.234,555.287
7885,п,555.287,555.341
7886,о,555.341,555.367
7887,с,555.367,555.394
7888,л,555.394,555.434
7889,е,555.434,555.474
7890, ,555.474,555.634
7891,п,555.634,555.794
7892,и,555.794,555.847
7893,к,555.847,555.901
7894,а,555.901,555.954
7895, ,555.954,556.034
7896,и,556.034,556.114
7897,г,556.114,556.194
7898,р,556.194,556.274
7899,а,556.274,556.354
7900, ,556.354,556.434
7901,м,556.434,556.487
7902,е,556.487,556.541
7903,д,556.541,556.594
7904,л,556.594,556.647
7905,е,556.647,556.701
7906,н,556.701,556.754
7907,н,556.754,556.794
7908,о,556.794,556.834
7909, ,556.834,556.914
7910,т,556.914,556.967
7911,е,556.967,557.021
7912,р,557.021,557.074
7913,я,557.074,557.127
7914,е,557.127,557.181
7915,т,557.181,557.234
7916, ,557.234,557.314
7917,и,557.314,557.354
7918,г,557.354,557.394
7919,р,557.394,557.474
7920,о,557.474,557.554
7921,к,557.554,557.634
7922,о,557.634,557.754
7923,в,557.754,557.874
7924,",",557.874,558.114
7925, ,558.114,558.194
7926,н,558.194,558.234
7927,о,558.234,558.274
7928, ,558.274,558.354
7929,у,558.354,558.394
7930, ,558.394,558.434
7931,G,558.434,558.594
7932,T,558.594,558.754
7933,A,558.754,558.914
7934, ,558.914,558.994
7935,в,558.994,559.074
7936,с,559.074,559.114
7937,ё,559.114,559.154
7938, ,559.154,559.234
7939,н,559.234,559.314
7940,а,559.314,559.394
7941,о,559.394,559.474
7942,б,559.474,559.554
7943,о,559.554,559.634
7944,р,559.634,559.714
7945,о,559.714,559.794
7946,т,559.794,559.874
7947,:,559.874,560.194
7948, ,560.194,560.274
7949,и,560.274,560.314
7950,г,560.314,560.354
7951,р,560.354,560.434
7952,о,560.434,560.514
7953,к,560.514,560.594
7954,и,560.594,560.674
7955, ,560.674,560.794
7956,о,560.794,560.834
7957,с,560.834,560.874
7958,т,560.874,560.914
7959,а,560.914,560.978
7960,ю,560.978,561.042
7961,т,561.042,561.106
7962,с,561.106,561.170
7963,я,561.170,561.234
7964, ,561.234,561.314
7965,в,561.314,561.367
7966,е,561.367,561.421
7967,р,561.421,561.474
7968,н,561.474,561.594
7969,ы,561.594,561.714
7970, ,561.714,561.794
7971,и,561.794,561.834
7972,г,561.834,561.874
7973,р,561.874,561.994
7974,е,561.994,562.114
7975,.,562.114,562.314
7976,"
",562.314,562.514
7977,И,562.514,562.594
7978, ,562.594,562.674
7979,п,562.674,562.727
7980,р,562.727,562.781
7981,и,562.781,562.834
7982,ч,562.834,562.914
7983,и,562.914,562.994
7984,н,562.994,563.074
7985,а,563.074,563.154
7986, ,563.154,563.394
7987,в,563.394,563.434
7988, ,563.434,563.474
7989,о,563.474,563.554
7990,н,563.554,563.634
7991,л,563.634,563.754
7992,а,563.754,563.794
7993,й,563.794,563.834
7994,н,563.834,563.874
7995,-,563.874,563.954
7996,р,563.954,564.034
7997,е,564.034,564.074
7998,ж,564.074,564.114
7999,и,564.114,564.194
8000,м,564.194,564.274
8001,е,564.274,564.354
8002,.,564.354,564.434
8003, ,564.434,564.914
8004,П,564.914,564.967
8005,о,564.967,565.021
8006,д,565.021,565.074
8007,у,565.074,565.114
8008,м,565.114,565.154
8009,а,565.154,565.234
8010,й,565.234,565.314
8011,т,565.314,565.394
8012,е,565.394,565.474
8013,:,565.474,565.634
8014, ,565.634,565.794
8015,з,565.794,565.914
8016,а,565.914,565.974
8017,ч,565.974,566.034
8018,е,566.034,566.074
8019,м,566.074,566.114
8020, ,566.114,566.194
8021,п,566.194,566.221
8022,р,566.221,566.247
8023,о,566.247,566.274
8024,х,566.274,566.327
8025,о,566.327,566.381
8026,д,566.381,566.434
8027,и,566.434,566.487
8028,т,566.487,566.541
8029,ь,566.541,566.594
8030, ,566.594,566.634
8031,с,566.634,566.674
8032,ю,566.674,566.714
8033,ж,566.714,566.754
8034,е,566.754,566.834
8035,т,566.834,566.914
8036, ,566.914,566.994
8037,з,566.994,567.074
8038,а,567.074,567.114
8039,н,567.114,567.154
8040,о,567.154,567.234
8041,в,567.234,567.314
8042,о,567.314,567.394
8043,",",567.394,567.474
8044, ,567.474,567.554
8045,е,567.554,567.594
8046,с,567.594,567.634
8047,л,567.634,567.674
8048,и,567.674,567.714
8049, ,567.714,567.794
8050,в,567.794,567.834
8051,ы,567.834,567.874
8052, ,567.874,567.954
8053,е,567.954,567.981
8054,г,567.981,568.007
8055,о,568.007,568.034
8056, ,568.034,568.114
8057,у,568.114,568.153
8058,ж,568.153,568.193
8059,е,568.193,568.273
8060, ,568.273,568.353
8061,п,568.353,568.380
8062,р,568.380,568.406
8063,о,568.406,568.433
8064,ш,568.433,568.540
8065,л,568.540,568.646
8066,и,568.646,568.753
8067,?,568.753,568.833
8068, ,568.833,569.233
8069,К,569.233,569.313
8070,о,569.313,569.353
8071,н,569.353,569.393
8072,е,569.393,569.453
8073,ч,569.453,569.513
8074,н,569.513,569.573
8075,о,569.573,569.633
8076,",",569.633,569.673
8077, ,569.673,569.713
8078,м,569.713,569.753
8079,н,569.753,569.793
8080,о,569.793,569.873
8081,г,569.873,569.953
8082,и,569.953,569.993
8083,е,569.993,570.033
8084, ,570.033,570.073
8085,в,570.073,570.113
8086,с,570.113,570.193
8087,ё,570.193,570.233
8088, ,570.233,570.273
8089,р,570.273,570.300
8090,а,570.300,570.326
8091,в,570.326,570.353
8092,н,570.353,570.433
8093,о,570.433,570.513
8094, ,570.513,570.593
8095,д,570.593,570.646
8096,е,570.646,570.700
8097,л,570.700,570.753
8098,а,570.753,570.806
8099,ю,570.806,570.860
8100,т,570.860,570.913
8101, ,570.913,570.993
8102,э,570.993,571.073
8103,т,571.073,571.113
8104,о,571.113,571.153
8105, ,571.153,571.233
8106,и,571.233,571.273
8107,з,571.273,571.313
8108, ,571.313,571.433
8109,н,571.433,571.463
8110,о,571.463,571.493
8111,с,571.493,571.523
8112,т,571.523,571.553
8113,а,571.553,571.606
8114,л,571.606,571.660
8115,ь,571.660,571.713
8116,г,571.713,571.873
8117,и,571.873,571.993
8118,и,571.993,572.113
8119, ,572.113,572.193
8120,и,572.193,572.246
8121,л,572.246,572.300
8122,и,572.300,572.353
8123, ,572.353,572.433
8124,л,572.433,572.513
8125,ю,572.513,572.593
8126,б,572.593,572.673
8127,в,572.673,572.713
8128,и,572.713,572.753
8129, ,572.753,572.833
8130,к,572.833,572.873
8131, ,572.873,572.913
8132,и,572.913,572.953
8133,г,572.953,572.993
8134,р,572.993,573.113
8135,е,573.113,573.233
8136,",",573.233,573.633
8137, ,573.633,573.713
8138,н,573.713,573.753
8139,о,573.753,573.793
8140, ,573.793,573.873
8141,б,573.873,573.893
8142,о,573.893,573.913
8143,л,573.913,573.933
8144,ь,573.933,573.953
8145,ш,573.953,574.006
8146,и,574.006,574.060
8147,н,574.060,574.113
8148,с,574.113,574.173
8149,т,574.173,574.233
8150,в,574.233,574.293
8151,о,574.293,574.353
8152, ,574.353,574.433
8153,н,574.433,574.473
8154,е,574.473,574.513
8155, ,574.513,574.673
8156,с,574.673,574.713
8157,т,574.713,574.753
8158,а,574.753,574.793
8159,н,574.793,574.833
8160,е,574.833,574.873
8161,т,574.873,574.913
8162, ,574.913,574.993
8163,и,574.993,575.033
8164,г,575.033,575.073
8165,р,575.073,575.153
8166,а,575.153,575.180
8167,т,575.180,575.206
8168,ь,575.206,575.233
8169, ,575.233,575.313
8170,в,575.313,575.353
8171, ,575.353,575.393
8172,и,575.393,575.433
8173,г,575.433,575.473
8174,р,575.473,575.553
8175,у,575.553,575.633
8176,",",575.633,575.673
8177, ,575.673,575.713
8178,к,575.713,575.833
8179,о,575.833,575.863
8180,т,575.863,575.893
8181,о,575.893,575.923
8182,р,575.923,575.953
8183,у,575.953,576.033
8184,ю,576.033,576.113
8185, ,576.113,576.193
8186,у,576.193,576.273
8187,ж,576.273,576.353
8188,е,576.353,576.433
8189, ,576.433,576.553
8190,п,576.553,576.593
8191,р,576.593,576.633
8192,о,576.633,576.673
8193,ш,576.673,576.780
8194,л,576.780,576.886
8195,о,576.886,576.993
8196,.,576.993,577.233
8197, ,577.233,577.473
8198,R,577.473,577.533
8199,o,577.533,577.593
8200,c,577.593,577.653
8201,k,577.653,577.713
8202,s,577.713,577.753
8203,t,577.753,577.793
8204,a,577.793,577.833
8205,r,577.833,577.873
8206, ,577.873,577.953
8207,э,577.953,578.033
8208,т,578.033,578.073
8209,о,578.073,578.113
8210, ,578.113,578.193
8211,з,578.193,578.273
8212,н,578.273,578.353
8213,а,578.353,578.433
8214,л,578.433,578.553
8215,а,578.553,578.673
8216, ,578.673,578.833
8217,и,578.833,578.913
8218, ,578.913,578.993
8219,в,578.993,579.073
8220,в,579.073,579.233
8221,е,579.233,579.286
8222,л,579.286,579.340
8223,а,579.340,579.393
8224, ,579.393,579.473
8225,о,579.473,579.553
8226,н,579.553,579.633
8227,л,579.633,579.753
8228,а,579.753,579.793
8229,й,579.793,579.833
8230,н,579.833,579.873
8231,-,579.873,579.913
8232,р,579.913,579.953
8233,е,579.953,580.033
8234,ж,580.033,580.113
8235,и,580.113,580.193
8236,м,580.193,580.273
8237,.,580.273,580.353
8238, ,580.353,580.913
8239,G,580.913,580.993
8240,T,580.993,581.153
8241,A,581.153,581.313
8242, ,581.313,581.393
8243,O,581.393,581.473
8244,n,581.473,581.553
8245,l,581.553,581.633
8246,i,581.633,581.713
8247,n,581.713,581.793
8248,e,581.793,581.873
8249, ,581.873,581.913
8250,з,581.913,581.953
8251,а,581.953,581.993
8252,п,581.993,582.033
8253,у,582.033,582.113
8254,с,582.113,582.166
8255,т,582.166,582.220
8256,и,582.220,582.273
8257,л,582.273,582.353
8258,и,582.353,582.433
8259, ,582.433,582.513
8260,1,582.513,582.913
8261, ,582.913,582.993
8262,о,582.993,583.033
8263,к,583.033,583.073
8264,т,583.073,583.113
8265,я,583.113,583.153
8266,б,583.153,583.233
8267,р,583.233,583.313
8268,я,583.313,583.393
8269, ,583.393,583.473
8270,2,583.473,583.713
8271,0,583.713,584.073
8272,1,584.073,584.393
8273,3,584.393,584.593
8274, ,584.593,584.753
8275,г,584.753,584.913
8276,о,584.913,584.966
8277,д,584.966,585.020
8278,а,585.020,585.073
8279,",",585.073,585.193
8280, ,585.193,585.313
8281,в,585.313,585.353
8282,с,585.353,585.393
8283,е,585.393,585.446
8284,г,585.446,585.500
8285,о,585.500,585.553
8286, ,585.553,585.633
8287,ч,585.633,585.660
8288,е,585.660,585.686
8289,р,585.686,585.713
8290,е,585.713,585.753
8291,з,585.753,585.793
8292, ,585.793,585.873
8293,д,585.873,585.953
8294,в,585.953,585.993
8295,е,585.993,586.033
8296, ,586.033,586.113
8297,н,586.113,586.193
8298,е,586.193,586.233
8299,д,586.233,586.273
8300,е,586.273,586.353
8301,л,586.353,586.433
8302,и,586.433,586.513
8303, ,586.513,586.593
8304,п,586.593,586.673
8305,о,586.673,586.713
8306,с,586.713,586.753
8307,л,586.753,586.793
8308,е,586.793,586.833
8309, ,586.833,586.913
8310,в,586.913,586.953
8311,ы,586.953,586.993
8312,х,586.993,587.046
8313,о,587.046,587.100
8314,д,587.100,587.153
8315,а,587.153,587.233
8316, ,587.233,587.313
8317,о,587.313,587.377
8318,с,587.377,587.441
8319,н,587.441,587.505
8320,о,587.505,587.569
8321,в,587.569,587.633
8322,н,587.633,587.686
8323,о,587.686,587.740
8324,й,587.740,587.793
8325, ,587.793,587.873
8326,и,587.873,587.913
8327,г,587.913,587.953
8328,р,587.953,588.072
8329,ы,588.072,588.192
8330,.,588.192,588.432
8331, ,588.432,588.672
8332,Э,588.672,588.752
8333,т,588.752,588.792
8334,о,588.792,588.832
8335, ,588.832,588.912
8336,н,588.912,588.952
8337,е,588.952,588.992
8338, ,588.992,589.032
8339,п,589.032,589.052
8340,р,589.052,589.072
8341,о,589.072,589.125
8342,с,589.125,589.179
8343,т,589.179,589.232
8344,о,589.232,589.312
8345, ,589.312,589.352
8346,м,589.352,589.372
8347,у,589.372,589.392
8348,л,589.392,589.432
8349,ь,589.432,589.472
8350,т,589.472,589.552
8351,и,589.552,589.632
8352,п,589.632,589.712
8353,л,589.712,589.792
8354,е,589.792,589.872
8355,е,589.872,589.952
8356,р,589.952,590.032
8357,",",590.032,590.192
8358, ,590.192,590.232
8359,а,590.232,590.272
8360, ,590.272,590.352
8361,ц,590.352,590.432
8362,и,590.432,590.512
8363,ф,590.512,590.632
8364,р,590.632,590.672
8365,о,590.672,590.712
8366,в,590.712,590.752
8367,о,590.752,590.792
8368,й,590.792,590.832
8369, ,590.832,590.992
8370,м,590.992,591.072
8371,и,591.072,591.152
8372,р,591.152,591.232
8373,",",591.232,591.312
8374, ,591.312,591.352
8375,в,591.352,591.392
8376, ,591.392,591.472
8377,к,591.472,591.552
8378,о,591.552,591.572
8379,т,591.572,591.592
8380,о,591.592,591.612
8381,р,591.612,591.632
8382,о,591.632,591.672
8383,м,591.672,591.712
8384, ,591.712,591.792
8385,и,591.792,591.832
8386,г,591.832,591.872
8387,р,591.872,591.952
8388,о,591.952,592.032
8389,к,592.032,592.112
8390,и,592.112,592.192
8391, ,592.192,592.232
8392,м,592.232,592.272
8393,о,592.272,592.312
8394,г,592.312,592.352
8395,у,592.352,592.392
8396,т,592.392,592.432
8397, ,592.432,592.512
8398,с,592.512,592.632
8399,о,592.632,592.672
8400,з,592.672,592.712
8401,д,592.712,592.752
8402,а,592.752,592.792
8403,в,592.792,592.832
8404,а,592.832,592.859
8405,т,592.859,592.885
8406,ь,592.885,592.912
8407, ,592.912,592.992
8408,с,592.992,593.112
8409,в,593.112,593.152
8410,о,593.152,593.192
8411,й,593.192,593.232
8412, ,593.232,593.312
8413,с,593.312,593.392
8414,о,593.392,593.472
8415,б,593.472,593.552
8416,с,593.552,593.592
8417,т,593.592,593.632
8418,в,593.632,593.672
8419,е,593.672,593.712
8420,н,593.712,593.752
8421,н,593.752,593.792
8422,ы,593.792,593.832
8423,й,593.832,593.872
8424, ,593.872,593.952
8425,о,593.952,594.032
8426,т,594.032,594.112
8427,к,594.112,594.192
8428,р,594.192,594.272
8429,ы,594.272,594.352
8430,т,594.352,594.432
8431,ы,594.432,594.472
8432,й,594.472,594.512
8433, ,594.512,594.592
8434,м,594.592,594.672
8435,и,594.672,594.752
8436,р,594.752,594.832
8437,.,594.832,595.032
8438, ,595.032,595.232
8439,В,595.232,595.312
8440, ,595.312,595.352
8441,н,595.352,595.392
8442,ё,595.392,595.432
8443,м,595.432,595.472
8444, ,595.472,595.552
8445,н,595.552,595.592
8446,е,595.592,595.632
8447, ,595.632,595.672
8448,н,595.672,595.712
8449,у,595.712,595.752
8450,ж,595.752,595.792
8451,н,595.792,595.832
8452,о,595.832,595.872
8453, ,595.872,595.952
8454,п,595.952,595.979
8455,р,595.979,596.005
8456,о,596.005,596.032
8457,х,596.032,596.085
8458,о,596.085,596.139
8459,д,596.139,596.192
8460,и,596.192,596.245
8461,т,596.245,596.299
8462,ь,596.299,596.352
8463, ,596.352,596.392
8464,н,596.392,596.432
8465,а,596.432,596.472
8466,д,596.472,596.512
8467,о,596.512,596.592
8468,е,596.592,596.712
8469,в,596.712,596.832
8470,ш,596.832,596.885
8471,и,596.885,596.939
8472,е,596.939,596.992
8473, ,596.992,597.072
8474,м,597.072,597.192
8475,и,597.192,597.252
8476,с,597.252,597.312
8477,с,597.312,597.432
8478,и,597.432,597.492
8479,и,597.492,597.552
8480,",",597.552,597.712
8481, ,597.712,597.872
8482,м,597.872,597.904
8483,о,597.904,597.936
8484,ж,597.936,597.968
8485,н,597.968,598.000
8486,о,598.000,598.032
8487, ,598.032,598.112
8488,п,598.112,598.139
8489,р,598.139,598.165
8490,и,598.165,598.192
8491,д,598.192,598.245
8492,у,598.245,598.299
8493,м,598.299,598.352
8494,ы,598.352,598.400
8495,в,598.400,598.448
8496,а,598.448,598.496
8497,т,598.496,598.544
8498,ь,598.544,598.592
8499, ,598.592,598.632
8500,с,598.632,598.672
8501,в,598.672,598.752
8502,о,598.752,598.832
8503,и,598.832,598.992
8504,.,598.992,599.072
8505, ,599.072,599.472
8506,О,599.472,599.552
8507,д,599.552,599.632
8508,н,599.632,599.712
8509,и,599.712,599.792
8510, ,599.792,599.912
8511,т,599.912,599.942
8512,р,599.942,599.972
8513,а,599.972,600.002
8514,т,600.002,600.032
8515,я,600.032,600.072
8516,т,600.072,600.112
8517, ,600.112,600.192
8518,в,600.192,600.232
8519,р,600.232,600.272
8520,е,600.272,600.312
8521,м,600.312,600.352
8522,я,600.352,600.432
8523, ,600.432,600.472
8524,н,600.472,600.492
8525,а,600.492,600.512
8526, ,600.512,600.592
8527,к,600.592,600.619
8528,о,600.619,600.645
8529,л,600.645,600.672
8530,л,600.672,600.752
8531,е,600.752,600.792
8532,к,600.792,600.832
8533,ц,600.832,600.885
8534,и,600.885,600.939
8535,ю,600.939,600.992
8536, ,600.992,601.072
8537,д,601.072,601.099
8538,о,601.099,601.125
8539,р,601.125,601.152
8540,о,601.152,601.232
8541,г,601.232,601.312
8542,и,601.312,601.352
8543,х,601.352,601.392
8544, ,601.392,601.472
8545,м,601.472,601.592
8546,а,601.592,601.652
8547,ш,601.652,601.712
8548,и,601.712,601.832
8549,н,601.832,601.952
8550,",",601.952,602.192
8551, ,602.192,602.232
8552,д,602.232,602.272
8553,р,602.272,602.325
8554,у,602.325,602.379
8555,г,602.379,602.432
8556,и,602.432,602.512
8557,е,602.512,602.592
8558, ,602.592,602.632
8559,п,602.632,602.652
8560,р,602.652,602.672
8561,о,602.672,602.752
8562,с,602.752,602.832
8563,т,602.832,602.912
8564,о,602.912,602.952
8565, ,602.952,602.992
8566,х,602.992,603.045
8567,о,603.045,603.099
8568,т,603.099,603.152
8569,я,603.152,603.192
8570,т,603.192,603.232
8571, ,603.232,603.312
8572,у,603.312,603.365
8573,с,603.365,603.419
8574,т,603.419,603.472
8575,р,603.472,603.512
8576,а,603.512,603.552
8577,и,603.552,603.600
8578,в,603.600,603.648
8579,а,603.648,603.696
8580,т,603.696,603.744
8581,ь,603.744,603.792
8582, ,603.792,603.872
8583,х,603.872,603.952
8584,а,603.952,604.032
8585,о,604.032,604.112
8586,с,604.112,604.192
8587, ,604.192,604.232
8588,с,604.232,604.272
8589, ,604.272,604.312
8590,д,604.312,604.352
8591,р,604.352,604.432
8592,у,604.432,604.512
8593,з,604.512,604.592
8594,ь,604.592,604.672
8595,я,604.672,604.752
8596,м,604.752,604.792
8597,и,604.792,604.832
8598, ,604.832,604.872
8599,в,604.872,604.912
8600, ,604.912,604.992
8601,о,604.992,605.032
8602,т,605.032,605.072
8603,к,605.072,605.125
8604,р,605.125,605.179
8605,ы,605.179,605.232
8606,т,605.232,605.285
8607,о,605.285,605.339
8608,м,605.339,605.392
8609, ,605.392,605.472
8610,м,605.472,605.552
8611,и,605.552,605.632
8612,р,605.632,605.712
8613,е,605.712,605.792
8614,.,605.792,606.112
8615,Г,606.141,606.301
8616,о,606.301,606.381
8617,д,606.381,606.461
8618,а,606.461,606.541
8619,м,606.541,606.621
8620,и,606.621,606.701
8621, ,606.701,606.781
8622,R,606.781,606.821
8623,o,606.821,606.861
8624,c,606.861,606.901
8625,k,606.901,606.941
8626,s,606.941,607.001
8627,t,607.001,607.061
8628,a,607.061,607.121
8629,r,607.121,607.181
8630, ,607.181,607.261
8631,п,607.261,607.288
8632,о,607.288,607.314
8633,д,607.314,607.341
8634,к,607.341,607.421
8635,и,607.421,607.501
8636,д,607.501,607.541
8637,ы,607.541,607.561
8638,в,607.561,607.581
8639,а,607.581,607.634
8640,л,607.634,607.688
8641,а,607.688,607.741
8642, ,607.741,607.781
8643,в,607.781,607.821
8644, ,607.821,607.901
8645,о,607.901,607.941
8646,н,607.941,607.981
8647,л,607.981,608.101
8648,а,608.101,608.141
8649,й,608.141,608.181
8650,н,608.181,608.221
8651, ,608.221,608.301
8652,н,608.301,608.354
8653,о,608.354,608.408
8654,в,608.408,608.461
8655,ы,608.461,608.501
8656,е,608.501,608.541
8657, ,608.541,608.621
8658,о,608.621,608.661
8659,г,608.661,608.701
8660,р,608.701,608.754
8661,а,608.754,608.808
8662,б,608.808,608.861
8663,л,608.861,608.957
8664,е,608.957,609.053
8665,н,609.053,609.149
8666,и,609.149,609.245
8667,я,609.245,609.341
8668,",",609.341,609.381
8669, ,609.381,609.421
8670,м,609.421,609.541
8671,а,609.541,609.661
8672,ш,609.661,609.741
8673,и,609.741,609.821
8674,н,609.821,609.901
8675,ы,609.901,609.981
8676, ,609.981,610.061
8677,и,610.061,610.141
8678, ,610.141,610.221
8679,б,610.221,610.341
8680,и,610.341,610.401
8681,з,610.401,610.461
8682,н,610.461,610.541
8683,е,610.541,610.621
8684,с,610.621,610.701
8685,ы,610.701,610.781
8686,",",610.781,611.101
8687, ,611.101,611.181
8688,п,611.181,611.221
8689,о,611.221,611.261
8690,э,611.261,611.309
8691,т,611.309,611.357
8692,о,611.357,611.405
8693,м,611.405,611.453
8694,у,611.453,611.501
8695, ,611.501,611.621
8696,и,611.621,611.651
8697,г,611.651,611.681
8698,р,611.681,611.711
8699,а,611.711,611.741
8700, ,611.741,611.821
8701,н,611.821,611.874
8702,и,611.874,611.928
8703,к,611.928,611.981
8704,о,611.981,612.061
8705,г,612.061,612.141
8706,д,612.141,612.221
8707,а,612.221,612.301
8708, ,612.301,612.381
8709,н,612.381,612.401
8710,е,612.401,612.421
8711, ,612.421,612.461
8712,о,612.461,612.501
8713,щ,612.501,612.541
8714,у,612.541,612.661
8715,щ,612.661,612.781
8716,а,612.781,612.829
8717,е,612.829,612.877
8718,т,612.877,612.925
8719,с,612.925,612.973
8720,я,612.973,613.021
8721, ,613.021,613.061
8722,з,613.061,613.101
8723,а,613.101,613.181
8724,к,613.181,613.261
8725,о,613.261,613.341
8726,н,613.341,613.421
8727,ч,613.421,613.474
8728,е,613.474,613.528
8729,н,613.528,613.581
8730,н,613.581,613.634
8731,о,613.634,613.688
8732,й,613.688,613.741
8733,:,613.741,614.061
8734, ,614.061,614.141
8735,в,614.141,614.221
8736,с,614.221,614.341
8737,е,614.341,614.401
8738,г,614.401,614.461
8739,д,614.461,614.541
8740,а,614.541,614.621
8741, ,614.621,614.701
8742,е,614.701,614.741
8743,с,614.741,614.781
8744,т,614.781,614.821
8745,ь,614.821,614.861
8746, ,614.861,614.941
8747,з,614.941,614.981
8748,а,614.981,615.021
8749, ,615.021,615.101
8750,ч,615.101,615.128
8751,е,615.128,615.154
8752,м,615.154,615.181
8753, ,615.181,615.261
8754,г,615.261,615.341
8755,н,615.341,615.541
8756,а,615.541,615.581
8757,т,615.581,615.621
8758,ь,615.621,615.660
8759,с,615.660,615.700
8760,я,615.700,615.740
8761,",",615.740,615.900
8762, ,615.900,615.980
8763,б,615.980,616.007
8764,у,616.007,616.033
8765,д,616.033,616.060
8766,ь,616.060,616.100
8767, ,616.100,616.140
8768,т,616.140,616.180
8769,о,616.180,616.220
8770, ,616.220,616.300
8771,д,616.300,616.380
8772,е,616.380,616.460
8773,н,616.460,616.540
8774,ь,616.540,616.620
8775,г,616.620,616.660
8776,и,616.660,616.700
8777,",",616.700,616.780
8778, ,616.780,616.820
8779,н,616.820,616.860
8780,е,616.860,616.940
8781,д,616.940,617.020
8782,в,617.020,617.100
8783,и,617.100,617.180
8784,ж,617.180,617.260
8785,и,617.260,617.300
8786,м,617.300,617.340
8787,о,617.340,617.400
8788,с,617.400,617.460
8789,т,617.460,617.520
8790,ь,617.520,617.580
8791, ,617.580,617.660
8792,и,617.660,617.687
8793,л,617.687,617.713
8794,и,617.713,617.740
8795, ,617.740,617.820
8796,м,617.820,617.900
8797,а,617.900,617.980
8798,ш,617.980,618.060
8799,и,618.060,618.140
8800,н,618.140,618.220
8801,ы,618.220,618.300
8802,.,618.300,618.540
8803,"
",618.540,618.780
8804,О,618.780,618.860
8805,н,618.860,618.940
8806,л,618.940,619.020
8807,а,619.020,619.047
8808,й,619.047,619.073
8809,н,619.073,619.100
8810,-,619.100,619.180
8811,к,619.180,619.300
8812,о,619.300,619.340
8813,н,619.340,619.380
8814,т,619.380,619.420
8815,е,619.420,619.473
8816,н,619.473,619.527
8817,т,619.527,619.580
8818, ,619.580,619.660
8819,п,619.660,619.700
8820,о,619.700,619.720
8821,м,619.720,619.740
8822,о,619.740,619.820
8823,г,619.820,619.900
8824,а,619.900,619.953
8825,е,619.953,620.007
8826,т,620.007,620.060
8827, ,620.060,620.140
8828,и,620.140,620.180
8829,г,620.180,620.220
8830,р,620.220,620.260
8831,е,620.260,620.300
8832, ,620.300,620.420
8833,о,620.420,620.460
8834,с,620.460,620.500
8835,т,620.500,620.540
8836,а,620.540,620.580
8837,в,620.580,620.620
8838,а,620.620,620.668
8839,т,620.668,620.716
8840,ь,620.716,620.764
8841,с,620.764,620.812
8842,я,620.812,620.860
8843, ,620.860,620.940
8844,а,620.940,620.980
8845,к,620.980,621.020
8846,т,621.020,621.100
8847,у,621.100,621.180
8848,а,621.180,621.247
8849,л,621.247,621.313
8850,ь,621.313,621.380
8851,н,621.380,621.447
8852,о,621.447,621.513
8853,й,621.513,621.580
8854,.,621.580,621.740
8855, ,621.740,621.900
8856,М,621.900,621.980
8857,ы,621.980,622.020
8858, ,622.020,622.060
8859,в,622.060,622.140
8860,с,622.140,622.180
8861,е,622.180,622.220
8862, ,622.220,622.300
8863,в,622.300,622.353
8864,и,622.353,622.407
8865,д,622.407,622.460
8866,е,622.460,622.487
8867,л,622.487,622.513
8868,и,622.513,622.540
8869, ,622.540,622.620
8870,н,622.620,622.660
8871,а,622.660,622.700
8872, ,622.700,622.900
8873,Y,622.900,622.929
8874,o,622.929,622.957
8875,u,622.957,622.986
8876,T,622.986,623.014
8877,u,623.014,623.043
8878,b,623.043,623.071
8879,e,623.071,623.100
8880, ,623.100,623.180
8881,п,623.180,623.233
8882,а,623.233,623.287
8883,р,623.287,623.340
8884,к,623.340,623.393
8885,у,623.393,623.447
8886,р,623.447,623.500
8887, ,623.500,623.580
8888,с,623.580,623.660
8889, ,623.660,623.700
8890,т,623.700,623.720
8891,р,623.720,623.740
8892,ю,623.740,623.820
8893,к,623.820,623.873
8894,о,623.873,623.927
8895,в,623.927,623.980
8896,ы,623.980,624.033
8897,м,624.033,624.087
8898,и,624.087,624.140
8899, ,624.140,624.180
8900,р,624.180,624.220
8901,о,624.220,624.260
8902,л,624.260,624.300
8903,и,624.300,624.380
8904,к,624.380,624.460
8905,а,624.460,624.540
8906,м,624.540,624.620
8907,и,624.620,624.700
8908, ,624.700,624.780
8909,и,624.780,624.860
8910, ,624.860,624.940
8911,п,624.940,625.140
8912,о,625.140,625.165
8913,л,625.165,625.190
8914,ь,625.190,625.215
8915,з,625.215,625.240
8916,о,625.240,625.265
8917,в,625.265,625.290
8918,а,625.290,625.315
8919,т,625.315,625.340
8920,е,625.340,625.367
8921,л,625.367,625.393
8922,ь,625.393,625.420
8923,с,625.420,625.460
8924,к,625.460,625.500
8925,и,625.500,625.553
8926,м,625.553,625.607
8927,и,625.607,625.660
8928, ,625.660,625.740
8929,к,625.740,625.800
8930,а,625.800,625.860
8931,р,625.860,625.920
8932,т,625.920,625.980
8933,а,625.980,626.060
8934,м,626.060,626.140
8935,и,626.140,626.220
8936,",",626.220,626.540
8937, ,626.540,626.620
8938,и,626.620,626.660
8939, ,626.660,626.700
8940,т,626.700,626.780
8941,а,626.780,626.820
8942,к,626.820,626.860
8943,и,626.860,626.940
8944,е,626.940,627.020
8945, ,627.020,627.060
8946,в,627.060,627.100
8947,и,627.100,627.153
8948,д,627.153,627.207
8949,е,627.207,627.260
8950,о,627.260,627.340
8951, ,627.340,627.380
8952,в,627.380,627.420
8953,д,627.420,627.460
8954,о,627.460,627.500
8955,х,627.500,627.580
8956,н,627.580,627.633
8957,о,627.633,627.687
8958,в,627.687,627.740
8959,л,627.740,627.780
8960,я,627.780,627.820
8961,л,627.820,627.900
8962,и,627.900,627.980
8963, ,627.980,628.060
8964,н,628.060,628.113
8965,о,628.113,628.167
8966,в,628.167,628.220
8967,ы,628.220,628.260
8968,х,628.260,628.300
8969, ,628.300,628.380
8970,и,628.380,628.420
8971,г,628.420,628.460
8972,р,628.460,628.513
8973,о,628.513,628.567
8974,к,628.567,628.620
8975,о,628.620,628.700
8976,в,628.700,628.780
8977, ,628.780,628.940
8978,т,628.940,629.060
8979,о,629.060,629.120
8980,ж,629.120,629.180
8981,е,629.180,629.220
8982, ,629.220,629.260
8983,п,629.260,629.340
8984,о,629.340,629.380
8985,к,629.380,629.420
8986,у,629.420,629.460
8987,п,629.460,629.500
8988,а,629.500,629.553
8989,т,629.553,629.607
8990,ь,629.607,629.660
8991, ,629.660,629.740
8992,и,629.740,629.780
8993,г,629.780,629.820
8994,р,629.820,629.940
8995,у,629.940,630.060
8996,.,630.060,630.340
8997,"
",630.340,630.620
8998,З,630.620,630.700
8999,н,630.700,630.780
9000,а,630.780,630.860
9001,я,630.860,630.940
9002,",",630.940,630.967
9003, ,630.967,630.993
9004,к,630.993,631.020
9005,а,631.020,631.100
9006,к,631.100,631.180
9007,и,631.180,631.220
9008,е,631.220,631.260
9009, ,631.260,631.340
9010,о,631.340,631.380
9011,г,631.380,631.420
9012,р,631.420,631.540
9013,а,631.540,631.580
9014,н,631.580,631.620
9015,и,631.620,631.660
9016,ч,631.660,631.740
9017,е,631.740,631.820
9018,н,631.820,631.900
9019,и,631.900,631.980
9020,я,631.980,632.060
9021, ,632.060,632.140
9022,б,632.140,632.180
9023,ы,632.180,632.220
9024,л,632.220,632.260
9025,и,632.260,632.300
9026, ,632.300,632.380
9027,у,632.380,632.460
9028, ,632.460,632.540
9029,э,632.540,632.580
9030,т,632.580,632.620
9031,о,632.620,632.660
9032,й,632.660,632.700
9033, ,632.700,632.780
9034,и,632.780,632.820
9035,г,632.820,632.860
9036,р,632.860,632.980
9037,ы,632.980,633.100
9038,",",633.100,633.260
9039, ,633.260,633.340
9040,п,633.340,633.393
9041,о,633.393,633.447
9042,н,633.447,633.500
9043,и,633.500,633.540
9044,м,633.540,633.580
9045,а,633.580,633.660
9046,е,633.660,633.713
9047,ш,633.713,633.767
9048,ь,633.767,633.820
9049,",",633.820,633.873
9050, ,633.873,633.927
9051,ч,633.927,633.944
9052,т,633.944,633.962
9053,о,633.962,633.980
9054, ,633.980,634.020
9055,э,634.020,634.060
9056,т,634.060,634.140
9057,о,634.140,634.220
9058, ,634.220,634.300
9059,т,634.300,634.380
9060,о,634.380,634.420
9061,т,634.420,634.460
9062, ,634.460,634.540
9063,с,634.540,634.620
9064,л,634.620,634.700
9065,у,634.700,634.780
9066,ч,634.780,634.860
9067,а,634.860,634.900
9068,й,634.900,634.940
9069,",",634.940,634.980
9070, ,634.980,635.020
9071,к,635.020,635.100
9072,о,635.100,635.120
9073,г,635.120,635.140
9074,д,635.140,635.160
9075,а,635.160,635.180
9076, ,635.180,635.260
9077,т,635.260,635.340
9078,ы,635.340,635.420
9079, ,635.420,635.460
9080,п,635.460,635.480
9081,о,635.480,635.500
9082,-,635.500,635.579
9083,н,635.579,635.619
9084,а,635.619,635.659
9085,с,635.659,635.759
9086,т,635.759,635.859
9087,о,635.859,635.959
9088,я,635.959,636.059
9089,щ,636.059,636.139
9090,е,636.139,636.219
9091,м,636.219,636.299
9092,у,636.299,636.326
9093, ,636.326,636.352
9094,в,636.352,636.379
9095,о,636.379,636.419
9096,с,636.419,636.459
9097,х,636.459,636.579
9098,и,636.579,636.699
9099,щ,636.699,636.779
9100,а,636.779,636.859
9101,е,636.859,636.912
9102,ш,636.912,636.966
9103,ь,636.966,637.019
9104,с,637.019,637.139
9105,я,637.139,637.259
9106, ,637.259,637.299
9107,и,637.299,637.339
9108, ,637.339,637.419
9109,и,637.419,637.499
9110,г,637.499,637.579
9111,р,637.579,637.659
9112,о,637.659,637.779
9113,й,637.779,637.899
9114,",",637.899,638.139
9115, ,638.139,638.179
9116,и,638.179,638.219
9117, ,638.219,638.299
9118,л,638.299,638.352
9119,ю,638.352,638.406
9120,д,638.406,638.459
9121,ь,638.459,638.539
9122,м,638.539,638.579
9123,и,638.579,638.619
9124,",",638.619,638.699
9125, ,638.699,638.739
9126,к,638.739,638.779
9127,о,638.779,638.839
9128,т,638.839,638.899
9129,о,638.899,638.959
9130,р,638.959,639.019
9131,ы,639.019,639.059
9132,е,639.059,639.099
9133, ,639.099,639.179
9134,е,639.179,639.259
9135,ё,639.259,639.339
9136, ,639.339,639.419
9137,с,639.419,639.499
9138,д,639.499,639.552
9139,е,639.552,639.606
9140,л,639.606,639.659
9141,а,639.659,639.739
9142,л,639.739,639.819
9143,и,639.819,639.899
9144,.,639.899,639.979
9145, ,639.979,640.459
9146,В,640.459,640.579
9147,о,640.579,640.639
9148,т,640.639,640.699
9149, ,640.699,640.739
9150,т,640.739,640.779
9151,а,640.779,640.859
9152,к,640.859,640.939
9153, ,640.939,640.979
9154,G,640.979,641.019
9155,T,641.019,641.219
9156,A,641.219,641.339
9157, ,641.339,641.419
9158,5,641.419,641.579
9159, ,641.579,641.659
9160,у,641.659,641.739
9161,м,641.739,641.819
9162,е,641.819,641.879
9163,с,641.879,641.939
9164,т,641.939,641.999
9165,и,641.999,642.059
9166,л,642.059,642.099
9167,и,642.099,642.139
9168, ,642.139,642.219
9169,в,642.219,642.299
9170, ,642.299,642.339
9171,P,642.339,642.379
9172,S,642.379,642.539
9173,3,642.539,642.859
9174,.,642.859,642.939
9175, ,642.939,643.339
9176,А,643.339,643.379
9177, ,643.379,643.419
9178,к,643.419,643.499
9179,а,643.499,643.539
9180,к,643.539,643.579
9181,и,643.579,643.659
9182,е,643.659,643.739
9183, ,643.739,643.819
9184,е,643.819,643.899
9185,щ,643.899,643.979
9186,ё,643.979,644.059
9187, ,644.059,644.139
9188,и,644.139,644.219
9189,г,644.219,644.299
9190,р,644.299,644.339
9191,ы,644.339,644.379
9192, ,644.379,644.459
9193,м,644.459,644.499
9194,ы,644.499,644.539
9195, ,644.539,644.579
9196,п,644.579,644.599
9197,р,644.599,644.619
9198,о,644.619,644.659
9199,п,644.659,644.699
9200,у,644.699,644.779
9201,с,644.779,644.859
9202,т,644.859,644.939
9203,и,644.939,645.019
9204,л,645.019,645.099
9205,и,645.099,645.179
9206,?,645.179,645.339
9207, ,645.339,645.499
9208,Н,645.499,645.539
9209,а,645.539,645.559
9210,п,645.559,645.579
9211,и,645.579,645.659
9212,ш,645.659,645.739
9213,и,645.739,645.792
9214,т,645.792,645.846
9215,е,645.846,645.899
9216, ,645.899,645.926
9217,в,645.926,645.952
9218, ,645.952,645.979
9219,к,645.979,646.006
9220,о,646.006,646.032
9221,м,646.032,646.059
9222,м,646.059,646.099
9223,е,646.099,646.139
9224,н,646.139,646.179
9225,т,646.179,646.219
9226,а,646.219,646.299
9227,р,646.299,646.379
9228,и,646.379,646.419
9229,я,646.419,646.459
9230,х,646.459,646.619
9231,.,646.619,646.779
9232, ,646.779,646.939
9233,С,646.939,647.019
9234,п,647.019,647.072
9235,а,647.072,647.126
9236,с,647.126,647.179
9237,и,647.179,647.259
9238,б,647.259,647.279
9239,о,647.279,647.299
9240, ,647.299,647.339
9241,з,647.339,647.379
9242,а,647.379,647.419
9243, ,647.419,647.539
9244,п,647.539,647.569
9245,р,647.569,647.599
9246,о,647.599,647.629
9247,с,647.629,647.659
9248,м,647.659,647.739
9249,о,647.739,647.819
9250,т,647.819,647.899
9251,р,647.899,647.979
9252,",",647.979,648.139
9253, ,648.139,648.219
9254,у,648.219,648.259
9255,в,648.259,648.299
9256,и,648.299,648.339
9257,д,648.339,648.379
9258,и,648.379,648.459
9259,м,648.459,648.539
9260,с,648.539,648.619
9261,я,648.619,648.699
9262, ,648.699,648.739
9263,в,648.739,648.779
9264, ,648.779,648.899
9265,с,648.899,648.929
9266,л,648.929,648.959
9267,е,648.959,648.989
9268,д,648.989,649.019
9269,у,649.019,649.072
9270,ю,649.072,649.126
9271,щ,649.126,649.179
9272,е,649.179,649.219
9273,м,649.219,649.259
9274, ,649.259,649.339
9275,в,649.339,649.419
9276,и,649.419,649.472
9277,д,649.472,649.526
9278,е,649.526,649.579
9279,о,649.579,649.739
9280,!,649.739,649.979
